state,year,pcpnst_m1,pcpnst_m2,pcpnst_m3,pcpnst_m4,pcpnst_m5,pcpnst_m6,pcpnst_m7,pcpnst_m8,pcpnst_m9,pcpnst_m10,pcpnst_m11,pcpnst_m12,pdsist_m1,pdsist_m2,pdsist_m3,pdsist_m4,pdsist_m5,pdsist_m6,pdsist_m7,pdsist_m8,pdsist_m9,pdsist_m10,pdsist_m11,pdsist_m12,phdist_m1,phdist_m2,phdist_m3,phdist_m4,phdist_m5,phdist_m6,phdist_m7,phdist_m8,phdist_m9,phdist_m10,phdist_m11,phdist_m12,sp01st_m1,sp01st_m2,sp01st_m3,sp01st_m4,sp01st_m5,sp01st_m6,sp01st_m7,sp01st_m8,sp01st_m9,sp01st_m10,sp01st_m11,sp01st_m12,sp02st_m1,sp02st_m2,sp02st_m3,sp02st_m4,sp02st_m5,sp02st_m6,sp02st_m7,sp02st_m8,sp02st_m9,sp02st_m10,sp02st_m11,sp02st_m12,sp06st_m1,sp06st_m2,sp06st_m3,sp06st_m4,sp06st_m5,sp06st_m6,sp06st_m7,sp06st_m8,sp06st_m9,sp06st_m10,sp06st_m11,sp06st_m12,sp12st_m1,sp12st_m2,sp12st_m3,sp12st_m4,sp12st_m5,sp12st_m6,sp12st_m7,sp12st_m8,sp12st_m9,sp12st_m10,sp12st_m11,sp12st_m12,sp24st_m1,sp24st_m2,sp24st_m3,sp24st_m4,sp24st_m5,sp24st_m6,sp24st_m7,sp24st_m8,sp24st_m9,sp24st_m10,sp24st_m11,sp24st_m12,tmaxst_m1,tmaxst_m2,tmaxst_m3,tmaxst_m4,tmaxst_m5,tmaxst_m6,tmaxst_m7,tmaxst_m8,tmaxst_m9,tmaxst_m10,tmaxst_m11,tmaxst_m12,tminst_m1,tminst_m2,tminst_m3,tminst_m4,tminst_m5,tminst_m6,tminst_m7,tminst_m8,tminst_m9,tminst_m10,tminst_m11,tminst_m12,tmpcst_m1,tmpcst_m2,tmpcst_m3,tmpcst_m4,tmpcst_m5,tmpcst_m6,tmpcst_m7,tmpcst_m8,tmpcst_m9,tmpcst_m10,tmpcst_m11,tmpcst_m12,zndxst_m1,zndxst_m2,zndxst_m3,zndxst_m4,zndxst_m5,zndxst_m6,zndxst_m7,zndxst_m8,zndxst_m9,zndxst_m10,zndxst_m11,zndxst_m12,f1,f2,f3,f4,f5,f6,f7,f8,f9,f10,f11,f12
1,2014,2.7,5.75,5.57,9.67,4.27,5.23,3.36,3.25,2.51,4.38,2.98,6.36,1.82,1.82,1.51,2.64,2.44,2.56,-0.4,-0.72,-1.23,-0.73,-0.8,-0.42,1.82,1.82,1.51,2.64,2.44,2.56,1.9,1.34,0.62,0.93,0.69,0.91,-1.36,0.37,-0.07,1.84,0.14,0.58,-1.41,-0.76,-0.56,0.85,-0.24,0.65,0.2,-0.63,0.1,1.22,1.52,0.39,-0.31,-1.4,-1.05,0.18,0.33,0.24,-0.21,-0.24,-0.22,0.84,0.91,0.59,0.66,0.41,0.27,-0.43,-0.65,-0.58,0.77,0.38,0.59,1.1,1.13,1.04,0.31,0.05,-0.03,0.36,0.31,0.12,0.43,0.54,0.55,1.28,1.31,1.45,1.16,0.85,0.57,0.72,0.84,0.93,49.8,58.7,65.0,74.8,82.2,87.8,88.4,91.1,87.0,78.4,61.2,60.2,24.7,35.9,39.6,50.1,58.2,67.9,67.2,67.9,65.7,52.0,35.3,39.8,37.3,47.3,52.3,62.4,70.2,77.9,77.8,79.5,76.3,65.2,48.2,50.0,-1.85,0.55,-0.37,3.88,0.19,1.13,-1.19,-1.1,-1.73,1.1,-0.42,0.88,5,4,5,4,3,2,3,3,3,4,4,4
1,2015,4.34,4.05,4.28,7.14,4.32,3.27,4.71,4.94,2.71,2.93,6.8,11.87,-0.57,-0.74,-1.3,-0.7,-0.64,-0.91,-1.26,-0.99,-1.3,-1.24,0.68,2.33,0.62,-0.74,-1.3,-0.7,-0.64,-0.91,-1.26,-0.99,-1.3,-1.24,0.68,2.33,-0.29,-0.51,-0.64,1.03,0.17,-0.51,-0.25,0.38,-0.44,0.17,1.36,2.38,0.22,-0.65,-0.88,0.25,0.86,-0.29,-0.59,-0.04,-0.17,-0.28,1.02,2.45,-0.29,-0.21,-0.31,-0.13,0.01,-0.39,-0.37,-0.09,0.03,-0.45,0.15,1.71,0.36,0.11,-0.07,-0.42,-0.42,-0.69,-0.52,-0.28,-0.24,-0.42,0.09,0.78,0.75,0.28,0.33,0.45,0.48,0.18,-0.18,-0.22,-0.22,-0.08,0.19,0.64,54.6,52.6,68.8,76.6,83.7,89.5,91.9,89.8,85.1,76.6,69.3,66.8,32.5,30.0,46.8,55.5,60.0,68.2,71.2,68.2,63.6,53.4,49.1,47.0,43.6,41.3,57.8,66.0,71.8,78.8,81.6,79.0,74.4,65.0,59.2,56.9,-0.59,-0.66,-1.92,1.38,-0.03,-1.0,-1.32,0.42,-1.25,-0.21,2.04,5.17,4,5,4,3,3,3,3,3,3,4,3,3
2,2014,0.03,0.16,0.9,0.24,0.07,0.01,1.86,3.13,2.49,0.6,0.11,1.47,-2.26,-3.06,-3.4,-3.96,-4.48,-5.06,-4.65,-3.33,-2.01,-2.23,-2.68,-2.34,-2.26,-3.06,-3.4,-3.96,-4.48,-5.06,-4.65,-3.33,-2.01,-2.23,-2.68,-2.34,-1.69,-1.44,0.06,-0.44,-0.98,-1.34,0.2,1.34,1.75,-0.14,-1.09,0.53,-1.67,-2.11,-0.79,-0.27,-1.0,-1.58,-0.16,1.0,2.11,1.05,-1.0,-0.13,-0.1,-0.67,-1.0,-0.81,-1.91,-2.04,-1.23,0.18,1.11,1.05,0.71,0.87,-0.39,-0.51,-0.37,-0.34,-0.34,-0.36,-0.7,-0.45,-0.23,-0.05,-0.76,-0.35,-0.62,-0.73,-0.7,-0.71,-0.69,-0.71,-0.85,-0.63,-0.3,-0.17,-0.18,-0.23,61.4,64.3,68.3,74.4,82.5,94.4,95.2,89.4,87.2,79.4,66.1,55.2,31.6,35.7,39.4,43.8,51.0,61.0,67.6,63.6,61.2,50.4,37.3,33.5,46.5,50.0,53.9,59.1,66.8,77.7,81.4,76.5,74.2,64.9,51.7,44.3,-2.84,-3.1,-1.97,-2.74,-2.78,-3.12,-0.33,2.5,2.95,-1.3,-2.02,0.2,4,4,4,4,5,5,5,4,3,3,3,3
2,2015,1.79,0.64,1.12,0.42,1.0,0.8,1.91,2.1,1.37,1.88,0.76,0.6,-1.78,-2.19,-2.4,-2.67,0.25,0.33,0.42,0.24,0.22,0.84,-0.03,-0.4,-1.78,-2.19,-2.4,-2.67,-2.15,-1.81,-1.51,-1.49,-1.33,-0.55,-0.03,-0.4,0.81,-0.35,0.34,0.09,1.88,1.77,0.26,0.16,0.35,1.29,0.16,-0.43,0.79,0.31,-0.09,0.18,1.03,2.68,0.82,0.2,0.32,1.18,0.97,-0.33,1.08,0.45,0.01,0.08,0.61,0.78,0.62,0.92,0.98,1.57,1.07,0.39,0.33,0.43,0.47,0.54,0.78,1.0,1.07,0.81,0.45,0.9,1.07,0.79,-0.06,-0.08,-0.01,0.05,0.26,0.43,0.28,0.26,0.14,0.55,0.32,0.29,57.1,66.1,70.6,73.7,77.2,94.1,91.8,94.2,88.4,77.0,61.7,53.7,33.2,37.8,42.0,43.1,48.6,62.7,65.4,66.9,61.6,52.0,34.8,28.1,45.1,52.0,56.3,58.4,62.9,78.4,78.6,80.6,75.0,64.5,48.3,40.9,0.95,-1.77,-1.33,-1.53,0.74,0.34,0.35,-0.42,0.03,1.91,-0.08,-1.13,4,4,4,5,5,5,5,5,4,4,4,4
3,2014,1.98,2.67,4.66,5.54,6.05,6.24,4.34,2.89,2.42,5.43,2.68,3.01,-0.46,-0.75,0.06,0.3,0.52,1.19,1.69,1.86,1.4,1.78,-0.24,-0.56,0.67,-0.75,0.06,0.3,0.52,1.19,1.69,1.86,1.4,1.78,1.36,0.87,-0.97,-0.47,-0.02,0.39,0.44,1.26,0.39,-0.21,-0.54,0.9,-0.63,-0.65,-0.15,-1.18,-0.38,0.22,0.49,1.04,1.14,0.01,-0.61,0.35,0.23,-0.93,0.14,-0.14,-0.18,-0.29,-0.08,0.1,0.56,0.65,0.57,0.79,0.32,-0.41,0.11,-0.11,0.03,0.07,0.03,0.41,0.45,0.33,0.23,0.3,0.18,-0.16,-0.49,-0.56,-0.83,-0.55,-0.19,0.16,0.31,0.22,0.03,0.25,0.36,0.34,47.4,49.2,58.8,71.2,78.6,85.4,85.4,89.1,83.2,75.6,55.5,51.0,23.0,28.3,34.2,48.0,57.7,67.9,65.4,68.2,62.0,51.8,34.3,36.6,35.2,38.8,46.5,59.6,68.1,76.7,75.4,78.7,72.6,63.7,44.9,43.8,-1.37,-1.01,0.17,0.76,0.75,2.18,1.86,1.02,-0.8,1.58,-0.73,-1.03,4,4,4,4,3,2,2,3,3,2,3,2
3,2015,3.49,3.18,8.02,5.75,10.56,3.99,4.92,3.02,1.47,3.75,10.72,8.44,-0.58,-0.67,0.98,1.07,2.36,2.08,2.2,2.05,1.11,0.96,2.35,3.18,0.7,-0.67,0.98,1.07,2.36,2.08,2.2,2.05,1.11,0.96,2.35,3.18,-0.08,-0.13,1.43,0.47,2.07,0.04,0.76,-0.12,-1.26,0.24,2.29,1.79,-0.61,-0.26,0.9,1.17,1.62,1.82,0.48,0.33,-1.02,-0.55,1.8,2.58,-0.59,-0.61,0.18,0.02,1.12,1.35,1.61,1.64,0.94,0.85,1.04,1.71,0.01,0.04,0.46,0.49,1.0,0.74,0.8,0.82,0.72,0.52,1.35,1.87,0.12,0.02,0.35,0.35,0.66,0.71,0.8,0.74,0.59,0.54,1.05,1.22,49.2,46.1,59.2,72.8,79.2,87.8,91.6,89.4,86.9,75.9,63.7,60.6,28.0,26.1,40.3,52.1,59.4,68.5,72.3,66.7,62.8,51.1,44.8,39.2,38.6,36.1,49.7,62.5,69.3,78.1,81.9,78.1,74.8,63.5,54.2,50.0,-0.24,-0.45,2.93,0.59,4.18,-0.11,1.0,0.25,-2.2,-0.11,4.48,3.23,4,4,3,3,2,2,3,3,4,4,2,3
4,2014,0.54,4.02,3.28,1.06,0.35,0.06,0.22,0.45,0.72,1.06,1.84,6.3,-5.88,-5.87,-5.59,-5.53,-6.05,-6.77,-7.01,-6.35,-5.53,-5.3,-5.22,-3.98,-5.88,-5.87,-5.59,-5.53,-6.05,-6.77,-7.01,-6.35,-5.53,-5.3,-5.22,-3.98,-1.88,0.32,0.25,-0.35,-0.85,-1.13,0.55,1.15,0.93,0.04,-0.24,1.14,-2.76,-0.81,0.28,0.0,-0.83,-1.42,-0.69,1.12,1.13,0.27,-0.29,0.7,-2.46,-1.93,-1.85,-1.66,-1.54,-0.87,-0.09,-0.23,-0.47,-0.34,-0.12,0.77,-3.09,-2.24,-1.89,-1.73,-1.82,-1.94,-1.95,-1.96,-1.95,-1.7,-1.48,-0.28,-1.87,-1.46,-1.64,-1.79,-1.79,-1.83,-1.85,-1.85,-1.74,-1.75,-2.0,-2.06,63.0,60.6,65.3,71.0,78.8,87.1,92.7,89.0,86.2,78.1,64.2,54.6,37.2,39.0,41.6,44.4,50.5,56.6,64.0,60.8,58.3,50.8,42.0,38.9,50.1,49.8,53.5,57.7,64.6,71.9,78.4,74.9,72.2,64.4,53.1,46.8,-5.89,-1.79,-0.95,-1.56,-3.27,-4.01,-2.83,-0.18,0.5,-1.0,-1.42,2.13,5,4,4,4,5,5,5,5,5,4,4,3
4,2015,0.65,2.86,0.78,1.06,0.93,0.23,0.66,0.08,0.33,0.9,1.87,4.69,-4.84,-4.86,-5.67,-5.53,-5.11,-5.13,-4.85,-4.75,-4.48,-4.48,-4.3,-3.57,-4.84,-4.86,-5.67,-5.53,-5.11,-5.13,-4.85,-4.75,-4.48,-4.48,-4.3,-3.57,-1.76,-0.17,-1.51,-0.35,0.3,-0.18,2.74,-0.86,0.05,-0.15,-0.22,0.55,-0.09,-1.21,-0.98,-1.56,-0.25,0.11,1.22,1.32,-0.4,-0.3,-0.37,0.2,-0.19,-0.37,-0.83,-0.88,-0.77,-1.67,-0.88,-1.14,-0.12,-0.09,-0.28,0.17,-0.33,-0.54,-0.98,-0.93,-0.81,-0.76,-0.67,-0.75,-0.82,-0.89,-0.91,-1.24,-2.05,-1.71,-1.77,-1.71,-1.69,-1.71,-1.68,-1.74,-1.76,-1.69,-1.6,-1.09,59.4,65.0,70.2,70.3,73.2,89.1,88.5,91.0,86.2,77.5,59.0,51.7,37.9,41.4,43.7,43.0,48.4,59.6,61.4,62.0,58.0,52.6,36.3,32.8,48.6,53.2,56.9,56.7,60.8,74.4,75.0,76.5,72.1,65.0,47.6,42.3,-3.81,-1.55,-3.96,-1.31,-0.44,-1.66,-0.75,-1.18,-0.66,-1.38,-0.86,0.86,3,3,4,5,5,5,5,5,5,5,4,3
5,2014,1.18,1.18,1.15,1.35,2.15,1.19,2.76,2.59,2.08,1.08,1.12,1.31,1.34,1.31,0.83,0.43,0.47,0.18,0.66,1.26,1.64,-0.28,0.09,0.29,-2.09,-1.77,-1.93,-2.04,-1.75,-1.81,-1.13,1.26,1.64,1.19,1.16,1.25,0.4,0.29,-0.47,-0.38,0.28,-0.35,1.07,0.98,0.97,-0.2,0.24,0.54,-0.09,0.37,-0.25,-0.69,-0.12,-0.01,0.41,1.32,1.28,0.47,-0.12,0.43,1.81,1.95,-0.11,-0.47,-0.35,-0.35,-0.09,0.16,0.69,0.76,0.76,1.1,0.45,0.54,0.59,0.45,0.67,0.87,1.04,1.18,0.46,0.33,0.31,0.48,-1.18,-1.21,-1.07,-1.13,-0.74,-0.53,-0.41,0.05,0.25,0.33,0.52,0.56,39.8,39.4,50.5,57.1,66.3,78.0,82.6,78.4,74.3,64.0,46.7,39.4,13.1,15.8,22.1,29.6,38.5,47.0,54.2,50.9,45.7,35.6,20.1,16.4,26.4,27.6,36.3,43.3,52.4,62.5,68.4,64.6,60.0,49.9,33.4,27.9,0.2,0.31,-1.02,-0.94,0.24,-0.71,1.48,1.99,1.55,-0.84,0.27,0.62,1,2,2,2,3,3,4,3,3,2,2,1
5,2015,0.65,1.35,0.86,1.88,5.3,1.91,2.37,1.67,0.76,1.82,1.69,1.47,-0.29,-0.06,-0.92,-0.97,2.56,2.71,3.1,2.77,1.82,1.8,2.07,2.24,0.83,0.95,-0.92,-0.97,2.56,2.71,3.1,2.77,1.82,1.8,2.07,2.24,-0.8,0.66,-1.06,0.33,3.09,0.7,0.44,-0.47,-0.96,0.76,1.26,0.82,-0.14,-0.15,-0.43,-0.41,2.21,2.49,0.75,-0.02,-1.02,-0.06,1.21,1.42,0.58,0.39,-0.57,-0.24,1.55,1.53,1.94,1.59,1.53,1.69,0.46,0.45,0.27,0.31,0.22,0.42,1.66,1.95,1.84,1.44,0.9,1.14,1.38,1.49,0.5,0.61,0.55,0.64,1.74,2.11,2.2,1.87,1.0,1.05,1.21,1.34,41.1,44.9,54.9,58.6,61.1,79.2,80.2,81.8,77.9,64.6,47.5,37.4,17.3,19.4,26.3,31.1,38.4,50.6,52.9,52.0,47.2,38.2,21.7,14.2,29.2,32.1,40.6,44.8,49.8,64.9,66.6,66.9,62.6,51.4,34.6,25.8,-0.86,0.61,-2.61,-0.44,7.67,1.24,2.01,-0.03,-2.0,0.5,1.37,1.17,2,2,2,2,3,3,3,4,3,3,2,1
6,2014,2.8,3.42,4.22,4.38,4.79,2.41,4.84,3.05,1.39,4.67,4.16,4.88,-1.59,-1.32,-1.05,-0.86,-0.6,-1.05,-0.69,-0.94,-1.71,-1.48,-1.42,-1.01,-1.59,-1.32,-1.05,-0.86,-0.6,-1.05,-0.69,-0.94,-1.71,-1.48,-1.42,-1.01,-0.36,0.24,0.2,0.27,0.58,-0.61,0.61,-0.43,-1.54,0.52,0.12,0.57,-0.41,-0.29,0.25,0.22,0.55,0.02,-0.07,0.03,-1.33,-0.52,0.4,0.42,-1.16,-1.22,-0.94,-0.22,0.07,-0.11,0.24,-0.1,-0.6,-0.47,-0.63,-0.15,-0.34,-0.38,-0.06,0.31,0.32,-0.89,-0.71,-0.81,-1.02,-0.53,-0.47,-0.25,-1.11,-0.86,-0.55,-0.41,-0.37,-0.54,-0.49,-0.55,-0.97,-0.95,-0.62,-0.55,33.0,34.8,40.8,58.3,69.3,77.8,81.8,79.2,74.6,63.4,48.7,42.1,14.2,15.3,20.3,35.1,47.3,55.9,62.1,57.6,52.7,44.8,30.7,28.6,23.6,25.0,30.6,46.7,58.3,66.8,71.9,68.4,63.6,54.1,39.7,35.4,-0.9,0.31,0.4,0.24,0.51,-1.53,0.76,-0.95,-2.62,0.18,-0.27,0.79,1,1,1,1,1,1,1,1,1,1,1,1
6,2015,3.47,2.01,3.05,2.74,1.21,6.35,2.81,2.14,3.62,3.31,2.23,4.14,-0.98,-1.41,-1.53,-1.89,-2.87,-1.81,-2.0,-2.57,-2.72,-2.74,-3.43,-3.45,-0.98,-1.41,-1.53,-1.89,-2.87,-1.81,-2.0,-2.57,-2.72,-2.74,-3.43,-3.45,0.09,-0.99,-0.51,-0.75,-1.81,1.24,-0.63,-1.18,0.03,-0.08,-0.97,0.16,0.39,-0.69,-1.12,-0.95,-1.98,0.16,0.59,-1.42,-0.74,-0.2,-0.8,-0.63,-0.37,-0.48,-0.12,-0.68,-1.5,-1.01,-1.3,-1.31,-1.1,-0.88,-0.65,-1.25,-0.15,-0.38,-0.54,-0.82,-1.37,-0.79,-1.08,-1.2,-0.85,-1.11,-1.55,-1.66,-0.37,-0.51,-0.43,-0.3,-0.66,-1.07,-1.24,-1.4,-1.3,-1.11,-1.21,-1.24,32.4,27.3,40.9,58.2,75.5,75.3,82.7,83.1,79.7,62.7,56.0,51.5,14.2,4.4,21.1,35.8,49.8,55.2,61.6,60.9,55.8,40.1,36.1,35.5,23.3,15.8,31.0,47.0,62.7,65.3,72.2,72.0,67.8,51.4,46.1,43.5,-0.24,-1.57,-0.8,-1.56,-3.52,2.3,-1.13,-2.35,-1.23,-0.91,-2.91,-1.12,2,1,1,3,3,2,2,2,2,2,2,2
7,2014,3.09,4.54,3.87,4.4,3.06,2.59,5.24,4.37,3.59,2.44,3.96,3.85,2.08,2.56,2.38,2.48,-0.36,-0.75,-0.48,-0.48,-0.55,-0.97,0.06,0.2,2.08,2.56,2.38,2.48,1.87,1.25,1.31,1.13,0.89,-0.97,0.06,0.2,-0.05,1.12,0.1,0.77,-0.22,-0.68,0.56,0.13,0.15,-0.41,0.6,0.33,0.63,0.71,0.74,0.49,0.28,-0.71,0.03,0.3,0.03,-0.23,0.05,0.59,0.15,0.24,0.78,0.75,0.8,0.2,0.42,0.04,0.07,-0.35,-0.03,0.27,1.14,1.37,1.35,1.45,1.51,0.52,0.35,0.13,0.46,0.18,0.43,0.32,0.4,0.62,0.89,1.04,1.14,1.12,1.39,1.21,1.22,0.58,0.87,0.92,40.3,42.8,50.1,63.9,75.5,83.2,85.8,82.7,78.7,69.1,54.2,48.5,19.7,25.0,29.2,41.9,54.2,62.3,65.8,62.5,59.5,49.7,34.9,33.6,30.0,33.9,39.6,52.9,64.9,72.8,75.8,72.6,69.1,59.4,44.6,41.0,-0.23,2.1,0.26,1.03,-1.07,-1.28,0.56,-0.13,-0.37,-1.42,0.19,0.44,1,1,1,1,1,1,1,1,1,1,1,1
7,2015,4.96,2.32,4.53,3.13,1.5,9.01,3.33,2.81,3.2,3.84,3.02,4.62,0.8,0.48,0.74,-0.22,-1.21,1.75,-0.18,-0.66,-0.99,-0.78,-1.03,-0.81,0.8,0.48,0.74,-0.22,-1.21,1.75,1.39,0.75,-0.99,-0.78,-1.03,-0.81,1.16,-0.51,0.5,-0.2,-1.35,2.45,-0.45,-0.66,-0.05,0.41,0.06,0.78,0.94,0.53,0.05,0.2,-1.18,1.37,1.46,-0.84,-0.71,0.19,0.23,0.53,0.44,0.4,0.54,0.63,-0.09,1.11,0.45,0.21,0.01,0.16,0.58,-0.3,0.57,0.24,0.35,0.13,-0.14,0.82,0.56,0.34,0.25,0.45,0.34,0.51,1.1,1.03,1.09,1.03,0.93,0.9,0.57,0.3,0.45,0.39,0.42,0.44,40.1,36.0,50.3,65.3,79.1,82.5,85.9,85.6,81.7,67.0,61.9,59.4,24.0,16.5,29.6,43.1,56.8,64.7,67.8,64.5,62.2,46.1,41.3,42.2,32.1,26.3,40.0,54.2,67.9,73.6,76.9,75.1,72.0,56.5,51.6,50.8,1.86,-0.73,0.94,-0.65,-3.05,5.26,-0.55,-1.5,-1.2,0.35,-1.0,0.33,1,1,1,2,1,1,1,1,2,1,1,1
8,2014,3.91,3.52,5.2,5.29,4.74,5.88,7.18,5.24,8.85,2.48,4.06,2.78,1.12,1.0,1.39,1.99,2.08,-0.23,-0.3,-1.05,0.67,0.22,1.09,1.09,1.12,1.0,1.39,1.99,2.08,1.64,1.37,-1.05,0.67,0.22,1.09,1.09,0.74,0.34,0.91,1.4,0.56,-0.53,-0.13,-1.38,1.06,-0.63,1.34,0.21,0.45,0.64,0.81,1.4,1.27,-0.06,-0.58,-1.01,0.2,0.46,0.28,0.89,-0.16,-0.14,0.37,1.16,1.2,1.04,0.83,0.26,0.4,-0.32,-0.09,0.2,1.02,0.84,1.26,1.48,1.51,1.1,0.43,0.04,0.5,0.67,0.79,0.86,0.83,0.94,1.22,1.47,1.48,0.73,0.92,0.33,0.7,0.59,0.95,0.95,65.4,73.8,74.8,81.6,86.9,90.2,91.1,92.5,88.2,84.1,72.6,72.4,43.5,51.8,52.2,59.4,65.0,70.3,72.5,73.3,71.2,61.3,49.6,51.3,54.5,62.8,63.5,70.5,76.0,80.3,81.8,82.9,79.7,72.7,61.1,61.9,1.5,-0.01,1.46,2.24,0.89,-0.68,-0.3,-2.32,2.0,-1.15,2.7,0.32,4,4,4,4,4,4,4,4,3,3,4,4
8,2015,2.84,3.23,2.0,4.28,2.39,6.05,7.83,8.44,6.67,1.84,3.8,3.49,0.99,1.01,-0.84,-0.74,-1.43,-1.86,-1.95,-1.6,-1.51,-2.11,-1.86,-1.94,0.99,1.01,-0.84,-0.74,-1.43,-1.86,-1.95,-1.6,-1.51,-2.11,-1.86,-1.94,0.09,0.16,-0.77,0.83,-0.82,-0.44,0.31,0.75,0.17,-1.1,1.17,0.64,0.13,0.07,-0.48,-0.03,-0.08,-0.88,-0.25,0.7,0.54,-0.57,-0.14,1.06,0.22,0.66,-0.12,0.36,-0.34,-0.59,-0.52,-0.3,0.09,-0.58,0.13,0.54,0.71,0.64,0.17,0.0,-0.38,-0.34,-0.26,0.2,-0.08,-0.18,-0.24,-0.13,1.19,1.05,1.05,1.08,0.86,0.55,0.11,0.24,0.32,0.38,0.42,0.51,69.1,67.8,80.2,84.9,88.6,91.7,92.2,91.6,88.4,83.8,81.2,78.3,48.1,45.3,58.9,65.4,66.4,71.7,73.4,73.3,71.6,65.0,63.1,60.8,58.6,56.5,69.5,75.1,77.5,81.7,82.8,82.4,80.0,74.4,72.2,69.6,0.04,0.38,-2.53,0.06,-2.3,-1.75,-0.83,0.44,-0.22,-2.28,0.11,-0.83,4,4,4,4,5,5,4,3,3,3,3,3
9,2014,3.33,4.06,4.41,7.35,3.87,3.64,3.96,3.37,4.97,2.78,4.36,5.31,3.06,2.6,2.19,3.08,0.01,-0.24,-0.73,-1.33,0.21,0.09,0.66,0.98,3.06,2.6,2.19,3.08,2.77,2.25,1.5,0.67,0.81,0.63,1.14,1.41,-0.46,-0.21,-0.17,1.72,0.3,-0.53,-0.98,-1.04,0.7,0.11,0.94,0.72,0.52,-0.56,-0.29,1.01,1.48,-0.21,-1.05,-1.47,-0.14,0.48,0.65,0.98,0.27,-0.38,-0.19,0.77,0.75,0.17,0.09,-0.15,0.18,-0.61,-0.29,0.21,1.79,1.13,1.16,1.49,1.51,0.97,0.16,-0.41,-0.05,0.21,0.38,0.26,0.57,0.68,0.72,1.31,1.33,1.2,1.19,0.83,1.02,1.08,1.4,1.46,51.6,61.6,65.4,75.6,83.4,89.1,89.4,90.5,84.8,78.7,63.1,62.3,28.3,38.1,40.4,50.6,59.0,67.6,68.4,68.0,66.3,52.4,36.6,40.3,40.0,49.8,52.9,63.1,71.2,78.3,78.9,79.2,75.5,65.6,49.8,51.3,-0.53,-0.46,-0.4,3.34,0.03,-0.72,-1.55,-2.02,0.62,-0.29,1.73,1.16,5,5,5,5,4,3,4,4,3,4,5,4
9,2015,3.64,4.49,2.81,6.2,2.17,4.25,4.65,5.78,3.75,3.23,6.28,8.49,0.72,0.79,-0.83,-0.2,-0.86,-1.04,-1.53,0.15,0.02,0.09,1.04,2.16,1.11,1.14,-0.83,-0.2,-0.86,-1.04,-1.53,-1.22,-1.21,-1.01,1.04,2.16,-0.28,0.03,-1.0,1.25,-0.86,-0.08,-0.42,0.56,0.09,0.37,1.7,1.98,0.26,-0.27,-0.71,0.13,0.38,-0.71,-0.41,0.07,0.39,0.18,1.35,2.26,0.38,0.67,0.0,0.43,-0.14,-0.43,-0.45,-0.3,0.1,-0.29,0.83,1.61,0.28,0.36,0.11,-0.07,-0.33,-0.27,-0.15,0.23,0.04,0.11,0.39,0.84,1.57,1.02,0.9,1.03,0.87,0.51,-0.01,-0.19,-0.04,0.19,0.44,0.79,55.8,54.6,70.1,77.3,84.9,90.4,92.2,89.6,83.0,75.5,69.7,68.9,34.1,31.9,47.5,56.4,59.9,68.2,70.8,69.4,64.7,54.2,49.8,48.8,44.9,43.2,58.8,66.8,72.4,79.3,81.5,79.5,73.8,64.8,59.8,58.9,-0.46,0.43,-2.49,1.64,-2.04,-0.83,-1.78,0.45,-0.33,0.21,2.86,3.69,4,5,5,4,4,4,4,3,3,4,3,3
10,2014,2.02,3.68,3.92,2.15,1.26,1.32,0.39,2.29,1.53,1.29,3.32,3.3,-3.91,-3.0,-1.9,-1.61,-2.07,-2.25,-2.76,-1.76,-1.51,-1.87,-1.49,-1.22,-3.91,-3.0,-1.9,-1.61,-2.07,-2.25,-2.76,-1.76,-1.51,-1.87,-1.49,-1.22,-0.77,1.22,1.55,0.31,-1.0,-0.37,-0.79,2.01,0.59,-0.51,0.61,0.43,-1.15,0.27,1.79,1.44,-0.54,-1.0,-0.73,1.31,1.68,-0.08,0.09,0.61,-0.88,-0.28,-0.35,0.05,0.0,0.28,0.65,0.71,0.14,-0.21,0.57,0.87,-1.91,-0.94,-0.16,-0.03,-0.17,-0.22,-0.27,0.15,-0.24,-0.13,0.33,0.81,-1.09,-0.6,-0.69,-0.68,-0.88,-0.97,-1.1,-0.62,-0.36,-0.56,-0.41,-0.64,36.7,36.3,46.8,53.8,65.2,70.4,85.3,77.4,71.9,61.0,40.3,36.2,18.7,19.8,25.6,29.3,37.8,42.9,53.2,50.1,43.4,36.0,21.8,22.0,27.7,28.0,36.2,41.6,51.6,56.7,69.3,63.8,57.6,48.5,31.1,29.1,-3.19,1.53,2.37,0.28,-1.87,-1.17,-2.24,2.13,0.21,-1.53,0.56,0.36,1,1,2,2,2,3,4,5,3,2,2,1
10,2015,2.06,1.86,1.51,1.23,2.89,0.77,1.37,0.76,1.31,1.69,2.51,4.56,-1.34,-1.71,-2.62,-2.86,-2.21,-2.88,-2.7,-2.68,-2.46,-2.59,-2.56,-1.77,-1.34,-1.71,-2.62,-2.86,-2.21,-2.88,-2.7,-2.68,-2.46,-2.59,-2.56,-1.77,-0.72,-0.43,-0.93,-1.05,0.86,-1.25,1.22,0.1,0.32,-0.03,-0.01,1.3,-0.18,-0.91,-1.01,-1.34,0.07,-0.09,-0.25,0.77,0.21,0.08,-0.19,0.82,0.64,-0.15,-0.56,-0.62,-0.72,-1.29,-0.81,-0.61,-0.17,0.16,-0.26,0.9,0.85,0.36,-0.32,-0.58,-0.15,-0.35,-0.07,-0.51,-0.58,-0.47,-0.69,-0.29,-0.57,-0.37,-0.35,-0.48,-0.24,-0.4,-0.22,-0.19,-0.55,-0.33,-0.15,0.41,36.7,44.8,53.5,55.3,63.8,80.0,79.6,81.4,71.9,62.6,38.7,31.5,20.7,25.6,28.1,29.4,39.8,49.5,50.6,50.2,42.5,38.7,21.0,17.1,28.7,35.2,40.8,42.3,51.8,64.7,65.1,65.8,57.2,50.7,29.9,24.3,-0.75,-1.51,-3.26,-1.52,1.05,-2.69,-0.34,-0.77,-0.17,-1.15,-0.71,1.59,1,1,2,2,3,4,4,5,3,3,2,1
11,2014,1.72,2.22,1.46,5.15,3.29,6.77,3.29,5.19,4.11,4.33,1.86,1.9,-1.12,-0.74,-1.19,0.56,0.15,1.13,1.17,1.96,2.36,3.04,3.04,2.77,-1.12,-0.74,-1.19,0.56,0.15,1.13,1.17,1.96,2.36,3.04,3.04,2.77,-0.1,0.44,-1.34,0.98,-0.45,1.52,-0.26,1.31,0.55,0.98,-0.59,-0.25,-0.07,0.07,-0.83,-0.05,0.29,0.7,0.95,0.69,1.07,0.93,0.37,-0.61,-1.06,-0.49,-0.49,-0.2,-0.32,0.37,0.31,0.64,1.21,1.22,1.25,0.51,0.45,0.34,0.09,-0.22,-0.76,-0.51,-0.5,0.17,0.67,0.82,0.7,0.62,-0.47,-0.38,-0.5,-0.25,-0.09,0.53,0.75,0.99,0.91,1.0,1.01,1.01,29.3,29.0,45.3,64.1,74.5,82.8,80.9,83.3,76.4,64.7,43.6,39.8,9.2,9.9,23.4,40.8,52.9,63.2,59.6,64.3,53.1,44.0,25.7,27.9,19.3,19.4,34.4,52.4,63.7,73.0,70.3,73.8,64.7,54.3,34.6,33.9,-0.01,0.8,-1.56,1.68,-1.07,3.01,0.46,2.74,1.81,2.76,0.94,0.13,2,2,3,3,2,2,1,1,1,1,1,1
11,2015,1.5,1.43,2.35,3.41,5.39,9.44,5.21,3.02,3.42,1.44,5.52,6.67,2.39,2.02,1.57,1.19,1.41,3.4,3.83,3.55,3.24,2.47,3.14,4.57,2.39,2.02,1.57,1.19,1.41,3.4,3.83,3.55,3.24,2.47,3.14,4.57,-0.31,-0.45,-0.5,-0.1,0.75,2.65,1.02,-0.32,0.17,-0.99,1.76,2.61,-0.58,-0.65,-0.76,-0.48,0.43,2.26,2.59,0.56,-0.08,-0.56,0.73,2.62,0.45,-0.14,-0.6,-1.14,-0.42,1.05,1.55,1.65,1.7,1.46,1.86,1.72,0.56,0.4,0.54,0.23,0.61,1.08,1.42,1.08,1.0,0.42,1.1,1.87,0.7,0.55,0.45,-0.01,-0.1,0.4,0.64,0.86,1.1,0.92,1.18,1.79,33.8,28.9,48.9,66.3,75.3,81.0,83.6,82.4,82.0,67.5,56.4,48.3,17.6,9.8,27.7,42.3,54.5,62.5,64.8,61.3,58.8,44.6,36.8,33.9,25.7,19.4,38.3,54.3,64.9,71.7,74.2,71.9,70.4,56.0,46.6,41.1,-0.29,-0.37,-0.72,-0.66,1.04,6.41,2.32,0.36,0.16,-1.31,2.77,5.26,2,1,3,3,2,1,1,1,1,2,1,1
12,2014,2.33,2.64,1.85,5.73,4.23,5.61,3.36,4.96,3.48,4.13,2.66,2.59,1.1,1.21,0.56,1.22,1.05,1.5,1.46,2.18,2.38,3.01,3.21,2.92,1.1,1.21,0.56,1.22,1.05,1.5,1.46,2.18,2.38,3.01,3.21,2.92,0.0,0.42,-1.17,1.26,0.1,0.95,-0.32,1.23,0.27,0.83,-0.22,-0.14,0.57,0.11,-0.66,0.14,0.86,0.6,0.4,0.57,0.86,0.69,0.39,-0.3,0.06,0.59,0.24,0.42,0.42,0.4,0.35,0.65,1.14,0.97,0.84,0.37,0.41,0.46,0.36,0.23,0.33,0.22,0.23,0.92,1.02,1.0,0.92,0.59,-0.39,-0.24,-0.37,0.01,0.18,0.74,0.85,1.01,0.82,0.88,1.06,1.04,29.1,31.2,45.3,64.4,74.1,82.6,80.1,82.4,75.8,64.1,44.2,40.6,9.6,12.8,23.0,40.4,51.7,62.5,58.2,62.4,52.2,43.6,26.9,28.5,19.4,22.0,34.1,52.4,62.9,72.6,69.1,72.4,64.0,53.8,35.6,34.6,-0.06,0.67,-1.57,2.14,-0.13,1.68,0.32,2.63,1.26,2.62,1.53,0.13,1,1,2,2,1,1,1,1,1,1,1,1
12,2015,2.11,1.4,3.54,4.79,3.98,9.07,6.23,2.57,2.39,2.42,3.57,5.44,2.52,1.92,1.84,1.96,1.52,3.43,4.23,3.69,3.02,2.58,2.36,3.05,2.52,1.92,1.84,1.96,1.52,3.43,4.23,3.69,3.02,2.58,2.36,3.05,-0.16,-0.76,0.12,0.74,-0.05,2.6,1.5,-0.77,-0.47,-0.25,0.43,1.73,-0.35,-0.74,-0.41,0.49,0.41,1.93,2.94,0.79,-0.83,-0.59,0.0,1.41,0.36,-0.25,-0.3,-0.41,-0.35,1.03,1.83,2.04,1.55,1.23,1.41,0.78,0.52,0.26,0.55,0.37,0.33,1.01,1.71,1.22,0.96,0.59,0.77,1.29,0.65,0.56,0.64,0.42,0.43,0.82,1.28,1.42,1.35,1.15,1.15,1.34,33.5,29.1,47.4,64.6,76.3,80.3,82.7,81.6,81.0,66.9,57.0,49.8,17.1,9.4,27.0,41.1,53.6,61.6,63.1,59.6,56.6,44.4,36.2,35.2,25.3,19.3,37.2,52.9,65.0,71.0,72.9,70.6,68.8,55.6,46.6,42.5,-0.31,-1.01,0.34,0.93,-0.73,6.21,3.47,-0.3,-0.89,-0.37,0.13,2.8,1,1,1,2,1,1,1,1,1,1,1,1
13,2014,0.43,1.5,0.81,4.65,3.04,9.66,3.3,5.92,4.35,3.17,0.76,1.1,-2.91,-2.52,-2.88,0.83,0.4,2.39,2.27,3.01,3.36,3.69,3.35,3.19,-2.91,-2.52,-2.88,-1.75,-1.91,2.39,2.27,3.01,3.36,3.69,3.35,3.19,-1.07,0.85,-1.33,1.23,-0.64,2.27,-0.18,1.21,0.56,0.67,-0.84,0.06,-1.44,-0.02,-0.61,0.33,0.26,1.49,1.62,0.66,1.13,0.72,-0.02,-0.65,-1.52,-0.59,-0.62,-0.08,-0.43,1.23,1.09,1.32,1.61,1.46,1.61,0.56,0.31,0.33,0.1,-0.23,-1.41,-0.39,-0.06,0.73,1.15,1.2,1.04,1.12,-0.67,-0.71,-0.87,-0.76,-0.78,0.16,0.42,0.73,1.02,1.06,1.0,1.06,25.6,23.2,40.1,59.7,71.5,80.2,79.2,80.3,73.1,62.4,38.8,34.1,2.8,3.2,19.3,35.2,48.4,60.2,58.5,62.0,50.9,39.9,19.7,22.3,14.2,13.2,29.7,47.5,60.0,70.2,68.8,71.2,62.0,51.2,29.3,28.2,-1.63,0.27,-1.85,2.48,-1.02,6.08,0.38,2.94,1.96,2.04,0.12,0.56,2,1,3,4,3,1,1,1,1,2,2,1
13,2015,0.52,1.11,0.56,3.37,5.06,6.38,5.51,5.29,4.18,1.76,4.08,4.71,2.75,2.7,1.71,1.65,1.98,2.52,3.19,3.78,3.8,3.41,4.32,6.06,2.75,2.7,1.71,1.65,1.98,2.52,3.19,3.78,3.8,3.41,4.32,6.06,-0.83,0.25,-1.78,0.34,0.63,1.01,1.04,0.91,0.48,-0.43,1.78,3.09,-0.51,-0.44,-1.26,-0.62,0.58,1.03,1.31,1.18,0.86,0.08,1.03,2.93,0.64,0.14,-0.86,-1.06,-0.19,0.36,0.86,1.07,1.42,1.23,1.62,1.98,1.11,1.05,1.03,0.82,1.16,0.61,0.99,0.88,0.9,0.64,1.16,1.7,1.0,0.99,0.79,0.38,-0.03,0.17,0.61,0.98,1.2,1.13,1.32,1.97,30.7,24.3,50.0,63.5,70.0,79.3,82.0,79.1,79.3,64.4,51.3,39.5,12.5,4.7,24.6,38.7,49.8,59.4,62.0,58.6,57.5,41.7,32.8,26.6,21.6,14.5,37.3,51.1,60.0,69.4,72.0,68.9,68.4,53.0,42.0,33.0,-0.34,0.71,-2.15,0.36,1.5,2.22,2.78,2.78,1.23,-0.02,3.79,6.56,2,1,4,4,2,1,2,1,1,3,2,1
14,2014,0.24,0.75,0.48,1.59,1.98,7.58,2.39,3.06,2.98,2.75,0.29,1.34,-1.21,-1.16,-1.62,-1.87,-2.73,1.0,0.79,0.69,0.69,0.87,-0.4,-0.15,-1.21,-1.16,-1.62,-1.87,-2.73,-1.44,-1.41,-1.28,-1.07,-0.72,-1.05,-0.73,-0.97,-0.1,-1.44,-0.74,-1.57,1.95,-0.57,0.01,0.32,0.69,-1.02,0.84,-1.31,-0.73,-1.17,-1.46,-1.81,0.72,1.04,-0.48,0.13,0.59,-0.06,-0.3,0.51,-0.27,-0.77,-1.63,-2.89,-0.3,-0.43,-0.37,0.02,0.37,0.65,-0.16,0.25,0.07,-0.07,-0.24,-0.66,0.36,-0.08,-0.47,-0.36,-0.36,-0.53,-0.35,-0.87,-1.02,-1.24,-1.48,-1.48,-0.68,-0.49,-0.37,-0.21,-0.03,-0.12,-0.07,43.1,38.6,55.1,68.3,78.9,85.0,87.9,91.4,80.9,72.7,51.8,43.1,16.0,17.0,26.1,39.6,50.5,62.1,63.0,65.2,55.6,45.1,25.1,26.1,29.6,27.8,40.6,54.0,64.7,73.6,75.4,78.3,68.2,58.9,38.5,34.6,-0.97,-0.21,-1.76,-1.24,-3.14,3.0,-0.33,-0.04,0.21,0.74,-1.21,0.62,2,1,3,2,1,1,1,1,1,1,1,1
14,2015,0.37,0.83,0.49,2.76,8.28,3.34,4.93,2.95,1.58,1.79,3.1,2.36,-0.39,-0.37,-1.12,-1.03,1.87,1.55,2.2,2.26,1.4,1.08,1.71,2.45,-0.91,-0.83,-1.54,-1.4,1.87,1.55,2.2,2.26,1.4,1.08,1.71,2.45,-0.55,0.04,-1.41,0.39,2.09,-0.33,0.99,-0.08,-0.93,-0.06,1.55,1.77,0.3,-0.41,-1.06,-0.46,2.03,1.4,0.42,0.66,-0.74,-0.73,0.99,2.16,0.06,0.07,-0.49,-0.73,1.24,0.77,1.14,1.04,0.99,0.84,0.31,1.0,-0.33,-0.32,-0.32,-0.07,1.21,0.38,0.89,0.86,0.55,0.37,0.89,1.11,-0.14,-0.26,-0.35,-0.27,0.37,0.49,0.53,0.28,0.14,0.0,0.21,0.48,44.8,44.0,61.7,69.6,72.3,87.8,90.8,87.7,87.0,72.1,58.5,48.2,19.4,18.4,31.8,43.1,51.1,63.8,67.0,62.6,61.3,46.4,34.5,27.1,32.1,31.2,46.8,56.4,61.7,75.8,78.9,75.2,74.2,59.2,46.5,37.6,-0.75,-0.06,-2.37,-0.07,5.61,-0.4,2.44,0.87,-1.88,-0.52,2.21,2.75,5,5,5,5,3,4,4,4,4,5,5,4
15,2014,2.34,4.47,3.44,6.43,3.65,3.98,3.67,5.46,2.19,5.69,2.43,3.36,2.82,2.85,2.22,2.79,2.19,1.86,1.53,2.05,1.46,2.54,2.36,2.03,2.82,2.85,2.22,2.79,2.19,1.86,1.53,2.05,1.46,2.54,2.36,2.03,-0.86,0.59,-0.62,1.33,-0.38,-0.13,-0.57,1.28,-0.65,1.6,-0.61,-0.36,0.24,-0.24,-0.07,0.44,0.66,-0.41,-0.49,0.44,0.35,0.76,0.7,-0.69,0.37,0.45,0.12,0.41,0.21,-0.22,-0.02,0.16,0.26,0.34,0.24,0.13,0.7,1.06,0.8,1.03,0.9,0.56,0.16,0.38,0.19,0.5,0.34,-0.08,0.19,0.41,0.29,0.65,0.59,0.85,0.67,0.92,0.56,0.87,0.95,0.79,38.0,43.0,54.1,70.9,78.2,84.6,84.0,85.5,79.6,68.6,50.0,46.8,15.6,23.4,28.9,44.0,54.0,63.6,61.2,64.6,56.8,46.7,29.6,32.4,26.8,33.2,41.5,57.4,66.1,74.1,72.6,75.1,68.2,57.6,39.8,39.7,-1.4,0.97,-1.0,2.38,-0.93,-0.3,-0.43,2.04,-1.13,3.68,0.24,-0.26,2,4,5,5,3,2,2,1,1,2,4,2
15,2015,1.97,3.26,6.34,8.28,2.67,5.47,9.37,3.19,2.89,3.96,4.39,6.52,1.24,1.03,1.51,2.86,1.87,2.09,3.85,3.54,3.06,3.37,3.4,3.81,1.24,1.03,1.51,2.86,1.87,2.09,3.85,3.54,3.06,3.37,3.4,3.81,-1.16,-0.04,0.88,2.15,-1.09,0.87,2.71,-0.34,-0.14,0.74,0.59,1.34,-1.07,-0.96,0.51,1.96,0.96,-0.19,2.34,2.04,-0.38,0.33,0.79,1.19,-0.09,-0.56,0.04,0.3,0.09,0.53,1.86,2.3,1.65,1.02,1.63,1.85,-0.16,-0.35,0.07,0.35,0.2,0.42,1.24,0.95,1.06,0.84,1.12,1.59,0.36,0.47,0.57,0.87,0.7,0.63,0.96,0.87,0.79,0.87,0.94,1.05,41.6,36.7,55.9,69.6,79.4,84.6,86.0,83.8,82.3,69.4,61.9,58.1,22.9,16.0,33.1,45.2,55.2,63.9,67.1,61.8,58.2,46.1,39.9,39.3,32.2,26.3,44.5,57.4,67.3,74.2,76.5,72.8,70.2,57.8,50.9,48.7,-1.74,-0.25,1.76,4.51,-2.08,1.23,5.93,0.27,-0.36,1.87,1.15,2.26,3,3,4,3,2,2,1,1,2,3,4,3
16,2014,2.06,5.56,4.47,4.49,7.46,6.23,5.95,5.8,2.99,3.28,3.5,4.15,-1.26,0.28,0.23,0.2,0.93,1.33,1.58,2.06,-0.19,-0.18,-0.3,-0.67,-1.26,-0.85,-0.78,-0.7,0.93,1.33,1.58,2.06,1.65,1.47,1.19,0.67,-1.47,0.52,-0.08,-0.06,0.99,0.72,0.25,0.63,-0.38,0.13,-0.18,-0.49,-1.63,-0.64,0.2,-0.12,0.64,1.06,0.67,0.51,0.08,-0.28,-0.22,-0.57,-0.65,-0.15,-0.5,-0.61,-0.25,0.25,0.73,0.74,0.68,0.68,0.1,-0.43,-0.54,-0.68,-0.34,-0.64,-0.36,-0.14,0.05,0.38,0.11,0.02,-0.16,-0.15,0.64,0.49,0.17,0.17,0.57,0.73,0.59,0.37,0.18,0.28,0.37,0.3,55.7,60.0,66.3,76.3,82.2,88.3,89.5,90.5,87.5,81.0,64.5,63.0,31.0,40.4,43.6,54.8,61.4,71.3,70.6,72.1,68.7,57.0,41.7,44.4,43.4,50.2,55.0,65.5,71.8,79.8,80.0,81.3,78.1,69.0,53.1,53.7,-2.24,0.83,-0.07,0.0,2.24,1.5,1.14,1.93,-0.57,-0.04,-0.39,-1.2,4,3,4,3,3,2,3,2,3,3,3,3
16,2015,5.86,3.03,5.85,8.19,8.24,5.42,3.0,2.66,2.76,7.52,9.09,5.69,-0.35,-0.74,0.19,0.91,1.61,1.69,-0.81,-1.59,-2.13,0.93,1.99,1.69,0.85,-0.74,0.19,0.91,1.61,1.69,0.71,-1.59,-2.13,-0.98,1.99,1.69,0.43,-0.79,0.55,1.39,1.23,0.41,-1.51,-1.28,-0.54,1.4,1.7,0.33,-0.05,-0.18,-0.21,1.25,1.55,1.05,-0.59,-1.79,-1.47,0.83,2.08,1.43,-0.31,-0.78,-0.4,0.22,0.86,1.11,0.67,0.59,0.27,0.31,0.6,0.58,0.31,-0.03,0.12,0.6,0.67,0.56,0.22,-0.12,-0.11,0.35,0.95,1.16,-0.15,-0.45,-0.08,0.08,0.3,0.36,0.25,0.25,0.03,0.27,0.54,0.77,57.8,58.4,70.5,78.8,84.1,89.6,93.9,93.4,89.4,81.4,71.9,68.9,36.5,36.7,50.5,60.9,65.5,71.5,74.6,71.7,67.7,57.9,53.5,49.2,47.2,47.5,60.5,69.8,74.8,80.5,84.2,82.6,78.5,69.7,62.7,59.1,0.75,-1.28,0.56,2.24,2.38,0.71,-2.42,-2.61,-2.1,2.79,3.46,-0.29,3,4,3,2,2,2,3,4,4,5,2,2
17,2014,3.41,2.85,3.8,3.44,3.99,4.58,6.65,3.34,1.61,6.2,3.5,6.08,1.94,1.76,1.89,1.72,1.72,1.91,3.16,2.83,1.68,2.3,1.9,2.74,1.94,1.76,1.89,1.72,1.72,1.91,3.16,2.83,1.68,2.3,1.9,2.74,0.25,0.17,0.47,0.15,0.47,0.62,2.09,-0.09,-1.58,1.26,-0.21,1.54,0.24,0.25,0.4,0.4,0.36,0.7,1.66,1.37,-1.27,0.17,0.84,0.97,0.32,0.04,-0.33,0.36,0.44,0.58,1.33,1.23,0.54,0.99,0.83,1.16,0.9,0.89,1.11,1.37,1.04,0.71,1.02,0.79,0.14,0.87,0.83,1.16,0.94,1.05,1.21,1.15,1.05,0.74,1.3,1.13,0.8,0.73,1.04,1.12,23.6,26.5,29.9,49.4,62.2,73.2,77.9,75.2,68.1,56.9,39.4,32.5,4.9,4.9,6.4,28.0,41.1,50.0,56.6,53.5,44.8,40.1,24.2,19.4,14.2,15.7,18.1,38.7,51.7,61.6,67.2,64.4,56.4,48.5,31.8,26.0,0.32,0.07,0.92,0.09,0.51,1.11,4.35,-0.01,-2.58,2.38,-0.5,3.11,1,1,1,3,3,2,2,2,3,2,2,1
17,2015,3.17,1.74,1.78,3.08,2.8,5.79,3.61,3.9,4.82,4.73,2.43,5.31,0.0,-0.57,-1.22,-1.19,-1.61,1.06,1.0,0.96,1.1,1.63,0.62,1.26,2.46,1.63,0.76,0.58,-1.61,1.06,1.0,0.96,1.1,1.63,0.62,1.26,0.07,-1.12,-1.25,-0.13,-0.37,1.24,-0.13,0.34,0.81,0.53,-1.08,1.14,1.25,-0.67,-1.85,-1.0,-0.39,0.71,0.93,0.14,0.8,0.86,-0.18,0.24,0.55,0.32,0.45,-0.2,-0.27,-0.48,-0.54,-0.05,0.64,0.85,0.69,0.59,1.15,1.0,0.67,0.58,0.35,0.56,0.05,0.16,0.68,0.46,0.28,0.15,1.3,1.16,1.06,1.2,0.85,0.79,0.67,0.58,0.52,0.82,0.69,0.88,22.7,16.1,33.0,48.5,68.7,67.5,75.5,77.5,73.7,53.2,45.3,37.4,0.7,-5.8,10.2,27.2,42.8,47.4,54.0,56.8,49.9,33.1,28.7,24.9,11.7,5.2,21.6,37.8,55.7,57.5,64.8,67.2,61.8,43.2,37.0,31.2,-0.01,-1.7,-2.13,-0.29,-1.61,3.17,0.16,0.19,0.72,1.91,-2.53,2.12,1,1,1,3,4,2,3,2,3,2,2,1
18,2014,2.65,4.17,3.75,4.93,5.18,3.64,3.87,3.93,2.64,3.38,3.09,3.53,1.49,1.97,1.92,2.31,2.43,-0.07,-0.09,-0.16,-0.53,-0.59,-0.62,-0.44,1.49,1.97,1.92,2.31,2.43,2.11,1.86,1.59,1.04,0.81,0.64,0.69,-0.33,1.03,0.12,1.12,0.9,-0.03,-0.13,0.01,-0.36,0.19,0.18,0.23,0.66,0.49,0.75,0.83,1.34,0.56,-0.18,-0.23,-0.41,-0.23,0.12,0.22,0.17,0.54,1.05,0.98,1.41,0.92,0.91,0.46,0.25,-0.07,-0.35,-0.27,0.45,0.77,0.85,1.11,1.44,0.81,0.67,0.63,0.78,0.54,0.61,0.41,0.12,0.35,0.52,0.77,0.96,1.05,1.12,1.04,0.88,0.36,0.57,0.58,38.0,42.0,48.9,64.2,75.4,82.6,84.8,81.9,78.1,68.0,52.2,47.2,17.5,23.6,27.5,41.2,53.0,62.0,64.6,61.6,58.0,48.5,33.2,32.0,27.8,32.8,38.2,52.7,64.2,72.3,74.7,71.7,68.0,58.2,42.7,39.6,-0.63,1.89,0.46,1.77,1.05,-0.2,-0.09,-0.23,-1.18,-0.34,-0.27,0.35,2,2,2,2,2,2,2,1,2,2,2,2
18,2015,3.79,2.03,4.26,3.63,2.46,9.39,3.93,2.61,3.86,3.71,2.62,4.57,-0.13,-0.45,-0.09,-0.08,-0.88,2.02,0.02,-0.51,-0.56,-0.37,-0.73,0.2,0.89,-0.45,-0.09,-0.08,-0.88,2.02,1.84,1.14,0.92,0.96,-0.73,0.2,0.6,-0.67,0.47,0.23,-0.86,2.6,-0.09,-0.88,0.32,0.38,-0.13,0.9,0.46,-0.08,-0.09,0.43,-0.54,1.75,1.91,-0.72,-0.46,0.41,0.06,0.47,-0.05,-0.14,0.3,0.31,-0.15,1.22,0.95,0.69,0.61,0.64,0.88,-0.06,0.56,0.21,0.32,0.06,-0.45,0.5,0.54,0.35,0.55,0.59,0.53,0.73,0.6,0.58,0.68,0.73,0.65,0.89,0.84,0.71,0.9,0.72,0.68,0.67,38.8,35.4,50.2,65.6,78.9,82.1,85.2,84.7,81.0,66.1,60.9,57.3,22.6,15.3,28.5,42.5,56.3,64.0,66.5,63.1,60.7,45.1,40.2,40.0,30.7,25.3,39.4,54.0,67.6,73.0,75.9,73.9,70.8,55.6,50.5,48.6,0.79,-1.01,0.96,-0.01,-2.44,6.07,0.07,-1.53,-0.31,0.4,-1.2,0.59,1,2,2,3,2,1,2,2,2,2,2,1
19,2014,3.43,4.18,4.51,3.87,3.75,2.81,6.52,3.07,1.43,6.21,4.71,5.61,0.01,0.44,0.72,0.58,0.45,0.04,1.15,-0.08,-0.83,0.77,1.0,1.5,-0.93,0.44,0.72,0.58,0.45,0.04,1.15,0.96,-0.83,0.77,1.0,1.5,0.06,0.77,0.46,0.08,0.18,-0.35,1.46,-0.35,-1.48,1.19,0.47,1.03,0.09,0.45,0.74,0.26,0.13,-0.12,0.76,0.83,-1.35,0.13,1.14,0.98,-0.71,-0.52,-0.27,0.33,0.41,0.17,0.83,0.34,-0.26,0.29,0.44,0.92,0.44,0.42,0.64,0.86,0.63,-0.47,-0.04,-0.12,-0.4,0.35,0.55,0.76,-0.3,0.0,0.28,0.36,0.28,0.16,0.61,0.44,0.03,0.16,0.54,0.56,32.3,33.9,39.7,57.2,68.2,77.4,81.4,78.2,73.7,62.2,47.6,41.2,13.8,14.3,18.4,34.6,46.3,54.3,61.0,56.2,50.9,44.3,30.0,28.2,23.0,24.1,29.1,45.9,57.2,65.9,71.2,67.2,62.3,53.3,38.8,34.7,-0.27,1.3,0.96,-0.19,-0.21,-1.09,3.34,-0.23,-2.28,2.32,0.92,1.81,1,1,1,1,1,1,1,1,1,1,1,1
19,2015,4.03,2.99,2.84,2.55,0.96,6.57,3.15,2.95,4.19,3.86,2.48,4.82,1.48,-0.11,-0.41,-0.94,-2.1,-1.02,-1.07,-1.38,-1.37,-1.19,-1.81,-1.49,1.48,1.22,0.78,-0.94,-2.1,-1.02,-1.07,-1.38,-1.37,-1.19,-1.81,-1.49,0.44,-0.13,-0.59,-0.85,-2.03,1.37,-0.22,-0.44,0.34,0.2,-0.83,0.61,0.99,0.15,-0.57,-1.09,-1.96,0.28,0.87,-0.6,-0.09,0.27,-0.48,-0.19,0.52,0.62,0.97,0.07,-0.92,-0.54,-0.81,-0.97,-0.51,-0.15,0.13,-0.3,0.85,0.68,0.42,0.18,-0.29,0.28,-0.24,-0.25,0.21,-0.12,-0.5,-0.61,0.73,0.6,0.56,0.57,0.17,-0.12,-0.17,-0.21,-0.14,0.08,-0.02,0.04,31.3,26.0,39.6,56.4,75.3,73.9,82.0,82.1,78.3,60.8,55.0,49.5,12.3,3.1,19.1,34.7,48.3,53.3,60.0,60.2,54.0,39.3,34.4,34.0,21.8,14.6,29.3,45.5,61.8,63.6,71.0,71.1,66.2,50.1,44.7,41.8,0.39,-0.32,-0.93,-1.72,-3.79,2.6,-0.46,-1.26,-0.39,0.12,-2.22,0.39,2,1,2,5,5,3,3,4,4,3,3,2
20,2014,2.21,1.58,1.39,3.82,3.53,3.82,3.46,3.56,3.92,4.09,3.51,1.77,2.5,2.3,1.65,2.32,2.31,2.25,2.68,2.76,2.86,3.58,4.43,-0.01,2.5,2.3,1.65,2.32,2.31,2.25,2.68,2.76,2.86,3.58,4.43,3.97,0.59,0.14,-0.82,1.2,0.43,0.59,0.43,0.44,0.56,1.0,1.05,-0.33,0.51,0.43,-0.6,0.42,1.09,0.63,0.69,0.58,0.67,1.06,1.37,0.56,0.38,0.48,0.93,1.0,0.59,0.77,0.75,0.99,1.52,1.44,1.66,1.23,1.67,1.49,1.43,0.82,0.76,0.8,0.76,0.96,1.64,1.63,1.6,1.53,1.15,1.2,0.92,1.35,1.52,1.61,1.54,1.66,1.92,1.81,2.14,2.3,20.3,22.2,32.5,52.2,66.1,76.4,76.0,76.7,69.9,56.0,37.0,34.2,4.2,3.3,9.6,30.2,43.1,54.0,53.6,55.4,47.6,39.0,23.6,22.1,12.3,12.7,21.0,41.2,54.6,65.2,64.8,66.0,58.8,47.5,30.3,28.2,1.02,0.18,-1.22,2.52,0.68,0.52,1.98,1.09,1.14,3.04,3.67,-0.02,1,1,1,3,3,3,2,2,2,2,1,1
20,2015,1.28,0.97,0.87,2.46,4.14,4.06,2.49,3.31,2.91,2.46,3.06,3.73,-0.31,-0.67,-1.36,-1.39,-0.85,-0.27,-0.32,-0.23,-0.85,-1.05,-1.25,0.87,3.26,2.53,1.51,1.19,1.46,1.8,1.53,1.43,0.65,-1.05,-1.25,0.87,-0.78,-0.94,-1.53,-0.13,1.0,0.81,-0.67,0.18,-0.3,-0.25,0.57,2.02,-0.82,-1.2,-1.79,-1.14,0.6,1.23,0.14,-0.34,-0.13,-0.48,0.13,1.71,0.84,0.48,-0.26,-0.89,-0.85,-0.37,-0.47,-0.17,0.22,0.13,-0.06,0.32,1.23,1.05,0.83,0.42,0.58,0.64,0.35,0.28,0.04,-0.44,-0.59,0.02,1.87,1.6,1.53,0.78,0.9,0.94,0.71,0.8,1.06,0.79,0.71,1.0,24.7,18.6,39.3,54.7,69.4,73.8,79.7,77.0,75.5,58.3,50.5,41.5,8.5,-2.6,17.9,31.8,45.1,51.2,56.0,56.7,53.7,39.4,32.1,29.7,16.6,8.0,28.6,43.2,57.2,62.5,67.9,66.9,64.6,48.9,41.3,35.6,-0.92,-1.16,-2.3,-0.49,1.18,1.48,-0.25,0.17,-1.91,-0.88,-0.93,2.6,1,1,3,4,3,2,3,2,2,2,1,1
21,2014,0.8,0.86,0.87,3.7,3.51,8.07,2.5,3.72,2.36,1.19,0.81,0.73,0.59,0.87,0.64,1.79,1.88,3.83,-0.29,-0.12,-0.38,-0.8,-1.18,-1.31,0.59,0.87,0.64,1.79,1.88,3.83,3.15,2.96,2.39,1.68,1.05,0.68,0.32,0.54,-0.72,1.63,0.32,2.57,-0.96,0.25,-0.38,-0.71,-0.48,-0.18,0.87,0.4,-0.3,1.11,1.14,2.23,1.56,-0.46,-0.07,-0.76,-0.94,-0.59,-0.32,0.45,0.57,0.76,1.13,2.32,1.75,1.69,1.41,0.61,0.38,-1.07,0.61,0.54,0.31,0.52,0.29,1.19,1.01,1.55,1.45,0.89,0.91,0.72,0.41,0.35,0.19,0.39,-0.1,0.72,0.55,0.91,1.26,1.15,1.07,0.98,13.7,14.9,30.6,48.8,65.4,75.2,77.4,77.3,69.2,56.2,29.6,26.6,-9.0,-7.2,8.7,27.9,43.3,54.8,55.9,56.9,47.7,36.1,13.3,14.2,2.3,3.8,19.6,38.4,54.3,65.0,66.7,67.1,58.5,46.2,21.4,20.4,0.46,1.04,-0.43,3.66,0.83,6.43,-0.86,0.4,-0.81,-1.38,-1.39,-0.76,1,1,1,5,5,2,3,2,2,3,2,1
21,2015,0.49,0.47,0.6,1.39,5.3,3.8,4.07,3.89,2.71,2.15,2.68,1.91,-1.57,-1.75,-2.3,-2.77,1.3,1.04,1.34,1.54,1.08,1.0,1.63,2.57,-1.57,-1.75,-2.3,-2.77,-1.18,-1.19,-0.66,1.54,1.08,1.0,1.63,2.57,-0.55,-0.59,-1.37,-0.83,1.6,-0.19,0.52,0.4,-0.08,0.23,1.58,1.99,-0.57,-0.96,-1.55,-1.4,0.86,0.97,0.1,0.53,0.23,0.04,1.06,2.24,-0.8,-1.19,-1.69,-1.67,0.08,-0.06,0.19,0.4,0.55,0.8,0.61,1.17,0.62,0.51,0.45,-0.19,0.34,-0.92,-0.47,-0.39,-0.24,-0.04,0.48,0.82,0.84,0.71,0.48,0.17,0.36,0.1,0.37,0.8,0.86,0.63,0.99,1.08,22.2,16.1,42.0,57.5,65.9,76.1,80.5,76.8,74.9,58.6,44.8,30.7,5.2,-4.8,19.5,31.8,42.6,53.3,58.6,54.9,52.7,37.2,28.2,19.0,13.7,5.6,30.7,44.6,54.2,64.7,69.5,65.9,63.8,47.9,36.5,24.8,-1.18,-1.03,-2.19,-2.13,3.91,-0.39,1.22,0.99,-0.88,0.08,2.21,3.32,1,2,4,5,4,3,3,3,3,3,2,1
22,2014,2.08,6.0,5.6,8.86,5.16,6.96,4.14,3.71,2.54,4.28,3.17,5.72,0.68,0.9,0.79,1.66,1.67,2.47,2.31,2.36,-0.32,0.32,-0.23,-0.21,0.68,0.9,0.79,1.66,1.67,2.47,2.31,2.36,1.8,1.94,1.51,1.35,-1.68,0.53,-0.03,1.34,0.37,1.29,-0.45,-0.12,-0.35,0.72,-0.29,0.25,-1.03,-0.7,0.22,0.95,1.16,1.04,0.75,-0.56,-0.48,0.21,0.17,-0.14,-0.36,-0.01,-0.41,0.36,0.29,0.71,1.05,0.95,0.88,0.47,0.13,-0.36,0.06,-0.12,0.04,0.35,0.22,0.54,0.53,0.58,0.28,0.51,0.27,0.31,0.67,0.71,0.59,0.99,1.11,1.36,1.17,0.82,0.71,0.79,0.85,0.79,51.3,56.7,64.2,74.8,82.2,87.8,87.8,90.5,87.2,79.3,61.1,59.8,25.7,35.8,39.0,50.7,59.4,69.2,67.2,69.1,65.8,53.6,36.6,40.7,38.5,46.3,51.6,62.7,70.8,78.6,77.5,79.8,76.5,66.5,48.8,50.2,-2.32,0.87,-0.05,2.86,0.54,2.9,0.31,0.86,-0.96,0.97,-0.69,0.0,5,4,5,4,3,2,3,3,3,3,4,3
22,2015,4.7,4.09,6.4,6.09,6.18,4.05,4.4,3.14,1.58,5.26,7.45,7.23,-0.31,-0.47,0.02,0.12,0.5,0.47,-0.28,-0.54,-1.26,0.54,1.13,1.26,1.09,0.78,0.72,0.75,1.06,0.97,0.59,-0.54,-1.26,-0.59,1.13,1.26,-0.13,-0.38,0.32,0.44,0.79,0.05,-0.28,-0.54,-1.09,1.05,1.34,0.84,0.02,-0.44,-0.14,0.45,0.76,0.53,-0.19,-0.69,-1.31,0.21,1.52,1.41,-0.26,-0.35,-0.1,-0.1,0.3,0.24,0.24,0.25,-0.2,0.04,0.34,0.7,0.61,0.37,0.44,0.15,0.25,-0.08,-0.02,-0.09,-0.21,-0.07,0.4,0.57,0.43,0.2,0.36,0.34,0.36,0.33,0.34,0.34,0.07,0.31,0.45,0.62,54.8,52.8,67.9,77.0,83.3,89.3,92.9,91.6,88.4,78.7,69.0,66.8,32.9,31.0,47.4,57.0,61.3,69.1,72.6,68.5,64.2,54.3,49.3,46.5,43.8,41.9,57.7,67.0,72.3,79.2,82.8,80.1,76.3,66.5,59.2,56.7,-0.38,-0.59,0.05,0.3,1.19,0.05,-0.84,-0.88,-2.33,1.62,1.93,0.75,4,5,3,3,3,2,3,4,4,5,3,3
23,2014,1.09,1.22,1.7,5.09,3.19,6.1,2.59,4.34,3.85,6.23,1.72,2.2,-0.4,-0.61,-1.04,0.5,-0.56,0.47,0.37,0.69,0.76,1.8,1.71,1.62,0.87,-0.61,-1.04,0.5,-0.56,0.47,0.37,0.69,0.76,1.8,1.71,1.62,-0.77,-0.84,-1.23,0.77,-0.86,0.85,-0.7,0.44,0.14,1.59,-0.65,0.07,-0.42,-1.22,-1.58,-0.07,-0.15,-0.04,0.19,-0.29,0.3,1.02,0.85,-0.48,-0.52,-0.88,-1.01,-0.76,-1.04,-0.54,-0.56,-0.31,0.06,0.44,0.59,0.23,0.39,0.07,-0.28,-0.42,-0.97,-0.7,-0.77,-0.75,-0.5,-0.08,-0.23,-0.25,-0.61,-0.73,-1.01,-0.83,-0.72,-0.28,-0.22,-0.01,-0.11,0.25,0.24,0.31,37.8,36.8,52.8,67.2,76.5,82.8,83.7,87.2,78.4,69.4,48.1,43.2,13.8,16.2,26.3,42.9,54.1,64.6,61.6,65.9,55.8,46.3,27.6,30.2,25.8,26.5,39.5,55.1,65.3,73.7,72.6,76.6,67.1,57.8,37.8,36.7,-0.67,-0.77,-1.47,1.49,-1.67,1.41,-0.17,1.1,0.42,3.35,0.29,0.24,4,4,5,4,3,2,2,3,2,2,3,1
23,2015,1.19,1.7,3.24,3.53,7.3,7.36,7.93,3.96,2.18,1.56,7.9,7.67,1.27,1.1,0.96,0.64,1.46,2.17,3.67,3.8,3.06,2.23,3.55,5.31,1.27,1.1,0.96,0.64,1.46,2.17,3.67,3.8,3.06,2.23,3.55,5.31,-0.64,-0.27,0.07,-0.15,1.26,1.42,1.98,0.19,-0.87,-1.05,2.37,2.88,-0.56,-0.77,-0.14,-0.08,0.77,1.76,2.15,1.88,-0.59,-1.31,1.4,3.08,0.3,0.05,0.08,-0.9,0.18,0.76,1.65,1.89,1.48,1.22,1.76,2.44,-0.24,-0.19,0.01,-0.21,0.45,0.64,1.47,1.43,1.16,0.46,1.38,2.13,0.07,-0.1,-0.17,-0.42,-0.35,-0.03,0.46,0.45,0.42,0.24,0.79,1.32,41.6,36.6,56.2,69.2,74.9,83.4,86.6,83.9,82.8,69.6,59.3,51.7,20.7,15.7,32.8,46.2,54.8,65.2,68.2,62.8,60.3,45.8,38.5,33.2,31.2,26.2,44.5,57.7,64.8,74.3,77.4,73.4,71.6,57.7,48.9,42.4,-0.55,-0.1,-0.08,-0.66,2.64,2.58,5.17,1.53,-1.05,-1.55,4.65,6.36,3,3,4,3,2,2,1,2,2,3,3,2
24,2014,1.21,1.71,2.26,1.47,1.92,3.2,0.69,3.7,1.2,0.96,1.98,1.3,1.01,1.39,2.36,2.18,1.7,1.91,1.44,2.86,-0.16,-0.61,0.6,0.67,1.01,1.39,2.36,2.18,1.7,1.91,1.44,2.86,2.41,1.69,2.12,2.03,-0.01,1.45,1.96,-0.1,-0.48,0.38,-1.24,2.76,-0.2,-0.56,1.08,0.19,0.22,0.78,2.23,1.25,-0.51,-0.07,-0.3,1.44,1.82,-0.6,0.42,0.81,0.56,0.81,0.86,0.8,0.66,0.67,0.29,1.12,0.5,0.39,1.08,1.02,0.59,1.0,1.46,1.47,0.74,0.76,0.54,1.37,0.86,0.75,1.21,1.15,-0.2,0.01,0.2,0.08,-0.08,0.24,0.08,0.93,1.35,1.02,1.19,1.31,34.5,25.1,39.8,53.6,64.1,68.7,83.1,78.0,68.7,60.7,35.6,33.6,14.5,4.3,19.1,28.5,38.0,44.3,52.1,51.6,41.5,35.2,15.0,16.5,24.5,14.7,29.4,41.0,51.1,56.5,67.6,64.8,55.1,47.9,25.3,25.0,-0.34,1.45,3.35,0.19,-0.77,1.16,-0.84,4.71,-0.47,-1.41,1.81,0.4,2,1,2,3,3,3,5,5,3,3,2,1
24,2015,1.18,0.9,0.99,1.08,2.43,1.77,1.88,1.01,1.29,1.4,1.34,1.61,0.65,0.61,-0.64,-1.07,-0.9,-1.74,-1.72,-2.07,-2.21,-2.19,-1.99,-1.71,1.86,1.7,0.89,-1.07,-0.9,-1.74,-1.72,-2.07,-2.21,-2.19,-1.99,-1.71,-0.07,-0.33,-0.66,-0.87,0.08,-1.04,0.63,-0.32,-0.08,0.21,0.19,0.68,-0.01,-0.36,-0.78,-1.16,-0.39,-0.75,-0.49,0.16,-0.33,-0.02,0.17,0.5,1.41,-0.11,-0.13,-0.23,-0.68,-1.22,-0.91,-0.9,-0.78,-0.52,-0.53,0.29,1.12,0.79,0.33,0.19,0.4,-0.23,0.29,-0.78,-0.77,-0.6,-0.85,-0.73,1.26,1.32,1.32,1.18,0.69,0.32,0.51,0.38,0.0,0.07,0.19,0.23,34.6,37.6,52.6,56.5,61.7,78.2,80.8,81.7,71.9,60.4,40.0,32.3,14.8,16.2,26.4,29.2,37.4,49.5,51.7,50.1,42.6,35.6,19.9,15.0,24.7,26.9,39.5,42.8,49.6,63.8,66.2,65.9,57.3,48.0,30.0,23.6,0.12,0.09,-1.92,-1.5,0.2,-2.82,-0.45,-1.6,-1.05,-0.63,-0.09,0.23,2,2,3,3,3,4,5,5,3,3,2,2
25,2014,0.22,0.64,0.5,1.99,2.63,7.23,1.72,4.7,2.57,1.34,0.32,1.12,-1.72,-1.55,-1.95,-1.99,-2.3,1.66,1.28,2.6,2.76,2.53,2.12,2.44,-1.72,-1.55,-1.95,-1.99,-2.3,1.66,1.28,2.6,2.76,2.53,2.12,2.44,-0.95,0.05,-1.14,-0.21,-0.66,2.23,-1.14,1.95,0.56,-0.02,-0.75,1.14,-1.35,-0.58,-0.94,-0.8,-0.68,1.31,1.18,0.49,1.67,0.3,-0.52,0.17,0.63,0.52,0.0,-1.08,-1.3,0.52,0.08,0.73,1.05,1.09,1.43,0.41,0.16,0.1,0.0,-0.18,-0.85,0.48,0.4,0.81,0.84,0.47,0.35,0.57,-1.51,-1.61,-1.61,-1.8,-1.84,-0.82,-0.67,0.03,0.38,0.43,0.41,0.5,38.7,31.8,49.3,62.1,71.8,80.4,84.3,84.5,76.0,68.1,45.6,37.6,12.2,9.8,21.4,34.5,45.2,55.8,58.1,59.9,49.7,38.4,18.8,18.4,25.4,20.8,35.4,48.3,58.5,68.1,71.2,72.2,62.9,53.2,32.2,28.0,-0.77,-0.01,-1.7,-0.71,-1.56,4.97,-0.61,4.33,1.31,0.16,-0.45,1.62,3,3,4,3,3,2,3,3,2,2,2,2
25,2015,0.21,0.68,0.24,2.64,5.89,4.73,3.33,2.83,2.54,1.43,1.95,1.6,2.04,1.98,0.81,0.76,2.05,2.51,3.08,3.49,3.44,3.18,3.63,4.35,2.04,1.98,0.81,0.76,2.05,2.51,3.08,3.49,3.44,3.18,3.63,4.35,-1.0,0.16,-2.51,0.37,1.62,0.85,0.36,0.18,0.54,0.08,1.55,1.78,0.52,-0.51,-1.32,-0.48,1.41,1.63,0.79,0.33,0.43,0.34,0.96,2.14,1.05,0.07,-0.94,-0.52,0.85,0.96,1.02,0.99,1.36,1.24,1.07,1.17,0.57,0.57,0.53,0.74,1.58,0.93,1.34,0.84,0.8,0.82,1.21,1.33,0.47,0.43,0.3,0.27,0.51,0.97,1.15,1.06,1.06,0.85,1.02,1.37,39.4,38.8,59.3,64.0,67.0,81.5,86.1,83.8,81.9,67.4,51.9,39.1,14.9,13.5,26.5,37.1,45.4,58.2,60.6,58.0,55.3,41.2,28.3,20.3,27.2,26.1,42.9,50.5,56.2,69.8,73.4,70.9,68.6,54.3,40.1,29.7,-0.47,0.47,-2.9,0.1,4.1,2.0,2.51,2.18,0.91,0.29,2.34,3.26,3,3,4,3,2,2,3,2,2,3,2,1
26,2014,0.51,1.2,1.03,0.66,0.79,0.12,0.77,1.49,1.19,0.12,0.71,1.33,-4.12,-4.1,-4.2,-4.29,-4.89,-5.86,-5.99,-4.55,-3.5,-3.99,-3.95,-3.51,-4.12,-4.1,-4.2,-4.29,-4.89,-5.86,-5.99,-4.55,-3.5,-3.99,-3.95,-3.51,-0.97,0.38,0.1,-0.39,-0.07,-1.13,0.81,1.61,1.36,-1.38,-0.16,0.55,-1.15,-0.38,0.18,-0.28,-0.45,-0.81,-0.23,1.59,1.89,0.1,-1.13,0.19,-0.31,-0.19,-0.77,-0.79,-0.81,-0.87,-0.38,0.2,0.69,0.41,0.5,0.93,-1.48,-0.99,-0.66,-0.56,-0.52,-0.51,-0.5,-0.04,-0.12,-0.34,-0.38,-0.02,-1.46,-1.17,-1.18,-1.21,-1.04,-1.06,-1.13,-0.98,-0.74,-0.93,-0.8,-0.96,50.0,50.7,56.4,63.1,72.3,82.8,91.6,83.6,80.4,70.7,54.3,44.8,24.3,27.8,30.5,34.8,42.5,50.5,60.7,55.3,50.6,40.1,28.7,26.5,37.1,39.2,43.4,49.0,57.4,66.7,76.1,69.5,65.5,55.4,41.5,35.6,-2.74,-1.22,-1.57,-1.56,-3.14,-4.4,-2.2,2.45,1.77,-2.56,-1.12,0.1,2,2,2,2,3,3,4,3,2,2,2,2
26,2015,0.5,0.58,0.38,0.7,2.11,0.56,1.22,0.49,0.34,1.83,1.29,1.34,-4.03,-4.72,-5.75,-5.97,-5.23,-6.12,-5.63,-5.53,-5.41,0.78,1.16,1.4,-4.03,-4.72,-5.75,-5.97,-5.23,-6.12,-5.63,-5.53,-5.41,-4.07,-3.19,-2.5,-1.0,-0.73,-1.29,-0.29,1.53,0.14,1.79,0.01,-0.26,1.6,0.88,0.56,-0.21,-1.25,-1.35,-1.24,1.08,1.23,1.03,1.0,-0.35,1.15,1.68,0.85,0.34,-0.67,-1.63,-1.26,-0.29,-0.53,0.31,0.59,0.94,1.7,1.3,1.47,-0.03,-0.36,-0.7,-0.66,-0.01,0.2,0.4,-0.05,-0.44,0.33,0.57,0.61,-1.0,-0.89,-0.92,-0.86,-0.42,-0.3,-0.15,-0.15,-0.52,-0.07,0.11,0.32,49.1,55.7,61.8,62.5,67.8,86.7,85.2,88.3,81.6,68.6,47.2,40.8,26.4,30.0,33.4,33.1,43.1,55.2,56.6,57.0,50.1,43.8,24.6,20.8,37.7,42.8,47.6,47.8,55.4,71.0,70.9,72.7,65.9,56.2,35.9,30.8,-2.65,-3.31,-4.56,-2.44,0.39,-4.3,-0.41,-1.44,-1.35,2.33,1.38,1.1,1,2,2,2,3,3,4,3,3,2,1,1
27,2014,3.46,3.68,4.11,3.03,4.56,3.91,7.27,3.58,1.63,5.67,3.27,5.47,1.12,1.38,1.54,1.06,1.18,1.01,2.37,2.27,1.34,1.83,1.37,1.96,1.12,1.38,1.54,1.06,1.18,1.01,2.37,2.27,1.34,1.83,1.37,1.96,0.32,0.72,0.5,-0.35,0.64,0.09,1.7,-0.1,-1.45,1.0,-0.31,1.17,0.19,0.63,0.76,0.1,0.2,0.46,1.19,1.31,-1.21,-0.05,0.56,0.58,-0.27,0.0,-0.17,0.32,0.55,0.5,1.19,0.98,0.25,0.8,0.48,0.88,0.58,0.68,0.94,1.04,0.85,0.31,0.56,0.6,0.07,0.73,0.69,0.93,0.31,0.58,0.73,0.7,0.59,0.42,0.91,0.79,0.47,0.47,0.77,0.76,26.2,28.7,33.6,53.8,65.5,75.0,79.1,75.2,70.0,58.5,42.1,35.3,6.9,7.5,9.6,29.3,42.5,50.6,56.7,52.8,45.6,41.1,25.4,22.1,16.5,18.1,21.6,41.6,54.0,62.8,67.9,64.0,57.8,49.8,33.8,28.7,0.16,1.12,0.9,-0.96,0.68,-0.12,4.39,0.42,-2.07,1.89,-0.82,2.19,1,1,1,3,3,2,2,2,2,2,1,1
27,2015,3.35,2.42,1.65,2.8,1.95,7.34,3.71,3.59,5.36,4.05,2.36,5.43,0.01,-0.27,-1.03,-1.29,-2.15,1.28,1.11,0.87,1.15,1.39,-0.84,-0.15,1.77,1.31,-1.03,-1.29,-2.15,-0.65,-0.61,-0.68,1.15,1.39,-0.84,-0.15,0.24,-0.37,-1.42,-0.53,-1.12,1.64,-0.13,-0.1,0.93,0.28,-1.0,1.15,0.99,-0.18,-1.47,-1.47,-1.09,0.74,1.15,-0.19,0.67,0.75,-0.48,0.18,0.24,0.13,0.22,-0.52,-0.85,-0.39,-0.52,-0.46,0.44,0.68,0.73,0.36,0.92,0.75,0.3,0.24,-0.24,0.34,-0.22,-0.22,0.43,0.18,0.02,0.04,0.85,0.8,0.69,0.72,0.36,0.38,0.19,0.24,0.29,0.53,0.41,0.6,25.7,20.2,35.5,52.0,73.5,70.8,78.5,78.9,75.5,56.5,50.2,42.4,3.5,-4.0,12.2,29.2,44.3,49.6,55.4,56.2,50.0,33.9,29.1,28.0,14.6,8.1,23.8,40.6,58.9,60.2,66.9,67.6,62.7,45.2,39.6,35.2,0.03,-0.82,-2.36,-1.11,-2.95,3.84,-0.11,-0.39,1.12,1.07,-2.51,1.81,1,1,1,3,3,2,2,2,1,1,1,1
28,2014,3.12,4.96,3.97,4.42,4.72,3.32,5.23,4.08,2.5,3.64,4.34,4.65,0.29,1.18,1.21,1.29,1.32,-0.21,0.27,-0.04,-0.48,-0.5,0.2,0.53,-0.67,1.18,1.21,1.29,1.32,0.98,1.14,0.98,-0.48,-0.5,0.2,0.53,-0.08,1.39,0.15,0.57,0.64,-0.17,0.4,-0.04,-0.57,0.19,0.64,0.58,0.39,0.9,1.01,0.44,0.79,0.28,0.13,0.12,-0.53,-0.38,0.47,0.76,-0.63,-0.23,0.25,0.73,1.07,0.78,0.96,0.34,0.08,-0.09,-0.05,0.2,0.21,0.53,0.71,0.93,1.05,0.12,0.12,0.04,0.12,0.37,0.62,0.61,-0.2,0.17,0.42,0.54,0.59,0.54,0.71,0.67,0.46,0.28,0.55,0.48,36.0,38.8,45.6,62.1,72.7,81.5,84.3,81.6,77.4,66.7,51.1,45.9,16.1,20.2,25.2,38.5,51.3,59.7,63.8,60.0,56.4,47.4,32.8,31.6,26.0,29.5,35.4,50.3,62.0,70.6,74.1,70.8,66.9,57.0,42.0,38.7,-0.25,2.74,0.45,0.63,0.48,-0.63,0.81,-0.13,-1.33,-0.21,0.6,1.05,2,2,3,4,3,3,3,3,2,2,3,2
28,2015,4.43,2.18,4.55,2.67,1.21,8.12,3.68,2.26,3.6,4.02,2.3,4.84,0.88,0.45,0.76,-0.49,-1.59,1.54,-0.17,-0.91,-1.17,-1.0,-1.6,-1.39,0.88,0.45,0.76,-0.49,-1.59,1.54,1.21,-0.91,-1.17,-1.0,-1.6,-1.39,0.82,-0.68,0.52,-0.69,-1.78,2.07,-0.45,-1.27,0.08,0.38,-0.54,0.69,0.87,0.13,-0.02,-0.09,-2.03,0.79,1.25,-1.13,-0.81,0.19,-0.16,0.05,0.26,0.23,0.71,0.46,-0.42,0.45,-0.09,-0.43,-0.56,-0.22,0.14,-0.61,0.79,0.37,0.48,0.19,-0.38,0.34,0.1,-0.16,0.03,0.09,-0.26,-0.2,0.61,0.52,0.7,0.68,0.44,0.36,0.2,-0.06,0.08,0.29,0.18,0.21,36.3,32.3,45.8,62.9,78.3,79.8,84.9,85.8,81.6,65.4,59.7,56.0,19.5,12.3,25.9,40.1,53.8,60.8,65.5,62.7,59.8,43.6,39.6,40.0,27.9,22.3,35.9,51.5,66.1,70.3,75.2,74.3,70.7,54.5,49.7,48.0,1.22,-1.03,1.06,-1.47,-3.46,4.61,-0.52,-2.26,-1.08,0.17,-2.13,0.16,2,2,3,4,4,2,2,3,3,2,3,2
29,2014,0.03,0.17,0.47,0.37,1.06,0.55,3.19,2.16,3.15,0.67,0.63,0.75,-2.62,-3.16,-3.56,-3.96,-3.89,-4.5,0.54,0.17,1.11,0.45,0.37,0.21,-2.62,-3.16,-3.56,-3.96,-3.89,-4.5,-3.5,-3.45,-2.14,-2.47,-2.25,-2.14,-1.98,-1.48,-0.35,-0.43,0.26,-0.86,0.97,-0.28,1.51,-0.39,0.2,0.23,-1.66,-2.36,-1.12,-0.58,-0.19,-0.44,0.27,0.5,1.04,0.81,-0.34,0.21,0.46,0.39,-1.36,-1.12,-1.21,-1.38,-0.32,-0.25,0.57,0.48,0.44,0.74,-0.18,-0.25,-0.17,-0.08,0.21,0.18,0.09,0.09,-0.26,-0.19,-0.32,-0.19,-1.4,-1.49,-1.44,-1.48,-1.42,-1.34,-1.0,-0.83,-0.36,-0.22,-0.14,-0.16,52.8,56.9,62.3,68.7,76.6,89.2,88.0,83.8,78.8,72.7,57.5,50.5,20.0,26.9,29.7,35.9,43.7,55.6,60.3,57.3,54.2,42.0,27.4,24.8,36.4,41.9,46.0,52.3,60.1,72.4,74.2,70.5,66.5,57.4,42.4,37.6,-2.31,-2.45,-2.16,-2.31,-1.01,-3.04,1.63,-0.94,2.86,-1.63,-0.11,-0.37,3,3,3,3,3,4,4,3,2,2,2,2
29,2015,1.41,0.72,0.71,0.74,2.54,1.57,3.7,2.05,1.1,2.89,0.85,1.05,0.83,0.63,0.34,0.22,1.44,1.51,2.58,1.79,0.84,2.01,2.11,2.2,-1.27,-1.25,-1.36,-1.3,1.44,1.51,2.58,1.79,0.84,2.01,2.11,2.2,1.71,0.42,0.24,0.36,1.76,0.74,1.49,-0.42,-0.63,1.64,0.58,0.75,1.14,1.35,0.34,0.29,1.48,1.67,1.52,0.84,-0.84,0.93,1.59,0.76,0.81,1.02,0.35,0.66,1.38,1.55,1.69,1.53,1.14,1.78,1.31,1.25,0.31,0.49,0.56,0.68,1.1,1.42,1.56,1.56,0.97,1.65,1.78,1.82,0.06,0.12,0.21,0.35,0.93,1.12,1.17,1.13,0.48,1.01,1.01,1.07,47.8,56.3,62.7,68.3,72.7,86.9,86.6,88.1,83.6,70.5,57.7,49.5,23.4,26.6,32.5,36.7,43.8,56.4,59.6,58.8,54.3,44.5,29.0,22.3,35.6,41.4,47.6,52.5,58.3,71.6,73.1,73.4,69.0,57.5,43.4,35.9,1.95,-0.34,-0.7,-0.25,3.71,0.66,3.68,-1.57,-2.3,3.77,0.93,0.92,2,3,3,3,3,4,4,3,3,2,2,2
30,2014,2.6,2.92,3.05,3.57,4.64,5.11,5.33,3.69,2.12,3.98,2.72,3.49,1.91,1.94,1.79,1.71,1.86,2.33,3.06,3.0,-0.6,-0.33,-0.45,-0.24,1.91,1.94,1.79,1.71,1.86,2.33,3.06,3.0,2.09,2.09,1.72,1.71,-0.13,0.5,0.03,0.31,0.86,0.95,1.15,-0.01,-1.31,0.37,-0.52,0.34,0.11,0.11,0.32,0.25,0.76,1.12,1.28,0.8,-1.09,-0.57,-0.04,-0.14,0.16,0.24,0.31,0.54,0.71,0.95,1.42,1.22,0.7,0.71,0.23,-0.04,0.82,0.95,1.18,1.29,1.34,0.83,0.97,0.91,0.64,0.84,0.59,0.57,0.21,0.42,0.54,0.59,0.68,0.91,1.27,1.33,0.95,0.8,1.02,0.8,26.4,28.0,34.4,55.4,67.8,76.2,77.7,75.7,71.2,60.1,42.8,36.1,7.4,9.5,12.9,31.7,45.5,53.8,57.0,54.8,49.1,42.5,27.7,24.4,16.9,18.8,23.6,43.5,56.7,65.0,67.4,65.3,60.1,51.3,35.3,30.2,-0.28,0.68,0.13,0.31,0.99,1.99,2.92,0.77,-1.8,0.63,-0.48,0.5,3,2,4,5,5,5,5,5,4,4,4,3
30,2015,2.34,2.0,1.61,3.02,2.75,7.69,3.6,3.07,4.75,3.7,2.05,4.06,-0.45,-0.74,-1.44,-1.5,-2.15,2.03,0.01,-0.36,0.19,0.43,-0.82,-0.56,1.29,0.82,-1.44,-1.5,-2.15,2.03,1.83,1.29,1.34,1.46,-0.82,-0.56,-0.42,-0.61,-1.5,-0.23,-0.59,2.2,-0.15,-0.63,0.82,0.2,-1.22,0.84,-0.16,-0.88,-1.67,-1.3,-0.53,1.39,1.61,-0.62,0.29,0.59,-0.56,-0.21,-0.7,-0.97,-0.96,-1.35,-1.4,0.12,0.14,0.1,0.82,0.89,0.77,-0.07,0.51,0.3,-0.05,-0.17,-0.61,0.0,-0.38,-0.53,0.04,0.0,-0.16,0.0,0.82,0.77,0.71,0.66,0.46,0.49,0.36,0.26,0.46,0.5,0.25,0.34,26.4,20.2,35.8,54.4,74.2,73.0,79.0,78.4,76.4,57.6,52.6,46.5,5.9,-1.8,15.2,32.1,47.8,52.9,57.2,56.6,53.5,37.4,33.0,32.0,16.2,9.2,25.5,43.3,61.0,63.0,68.1,67.5,65.0,47.4,42.8,39.3,-0.71,-1.01,-2.32,-0.64,-2.39,6.08,0.04,-1.07,0.56,0.78,-2.45,0.53,3,2,3,5,5,4,5,5,5,4,5,4
31,2014,3.29,3.11,4.61,4.91,3.62,4.18,5.25,5.22,5.47,2.89,3.77,3.76,2.07,1.57,1.68,2.04,-0.27,-0.37,-0.43,0.06,0.44,0.32,0.73,0.7,2.07,1.57,1.68,2.04,1.56,1.27,1.04,0.99,1.27,1.07,1.4,1.31,-0.29,-0.43,0.34,0.99,-0.23,-0.16,-0.14,0.12,0.65,-0.12,0.52,0.13,0.7,-0.55,-0.05,0.83,0.54,-0.31,-0.26,-0.13,0.49,0.37,0.21,0.4,-0.26,-0.27,0.16,0.69,0.5,-0.06,-0.02,0.17,0.33,-0.04,0.18,0.29,0.92,0.8,1.1,1.15,1.11,0.26,-0.25,-0.1,0.26,0.41,0.42,0.15,0.53,0.63,0.71,0.9,0.65,0.76,0.67,0.62,0.68,0.6,0.87,0.92,47.1,53.8,57.5,72.0,80.5,85.9,85.5,83.4,79.5,73.6,57.4,54.7,23.5,32.1,33.4,46.4,56.5,64.5,65.9,65.2,62.9,49.2,34.2,35.4,35.3,43.0,45.5,59.2,68.5,75.2,75.7,74.3,71.2,61.4,45.8,45.1,-0.34,-0.87,0.81,1.61,-0.81,-0.4,-0.29,0.17,1.16,-0.23,1.34,0.14,5,5,5,5,5,4,4,3,3,4,4,4
31,2015,3.95,3.5,3.43,4.35,2.62,5.2,4.38,4.0,5.31,7.07,7.2,7.31,0.71,0.65,-0.41,-0.11,-0.78,-0.65,-1.22,-1.72,0.09,1.3,2.66,3.52,1.25,1.14,0.61,0.8,-0.78,-0.65,-1.22,-1.72,-1.45,1.3,2.66,3.52,0.18,-0.17,-0.5,0.58,-0.98,0.52,-0.71,-0.62,0.59,1.83,2.02,2.11,0.19,-0.04,-0.42,-0.01,-0.25,-0.3,-0.19,-0.99,0.02,1.51,2.45,2.67,0.37,0.34,-0.09,0.19,-0.38,-0.23,-0.57,-0.84,-0.29,0.37,1.48,2.05,0.23,0.33,0.14,-0.02,-0.18,-0.02,-0.14,-0.28,-0.34,0.36,0.88,1.42,0.81,0.73,0.83,0.8,0.69,0.22,-0.24,-0.3,-0.02,0.47,0.82,1.16,50.0,45.6,62.3,71.3,80.4,87.9,88.4,86.4,80.9,70.7,64.5,64.2,28.9,24.1,39.0,48.7,56.9,66.7,68.5,65.8,62.4,49.3,44.3,45.3,39.4,34.9,50.7,60.0,68.6,77.3,78.5,76.1,71.6,60.0,54.4,54.7,0.24,0.05,-1.22,0.76,-2.04,0.14,-1.9,-1.87,0.28,3.65,4.5,3.38,4,5,5,5,4,3,4,4,3,3,3,3
32,2014,0.41,0.18,0.43,2.1,2.38,4.75,1.57,4.44,1.19,0.53,0.46,0.17,5.24,4.76,4.48,5.05,5.01,5.9,5.67,7.38,0.04,-0.35,-0.29,-0.48,5.24,4.76,4.48,5.05,5.01,5.9,5.67,7.38,6.66,5.63,5.07,4.32,-0.06,-1.28,-0.72,0.98,0.1,1.1,-1.01,2.2,-0.33,-0.67,-0.07,-1.5,0.8,-0.88,-1.37,0.57,0.55,0.79,0.21,0.98,1.28,-0.73,-0.75,-0.9,1.47,1.67,1.32,0.11,0.33,0.7,0.14,1.23,1.07,0.55,0.6,-0.06,2.1,1.96,1.65,2.16,1.0,1.44,1.07,2.09,1.56,0.54,0.61,0.35,0.75,0.67,0.63,0.66,0.79,1.57,1.19,1.95,2.6,2.11,1.93,1.65,20.2,16.2,33.0,49.9,65.8,73.0,79.0,77.8,70.7,58.4,29.4,26.4,-3.1,-4.9,12.4,26.5,41.6,51.9,54.6,56.1,44.8,34.6,11.0,10.2,8.5,5.6,22.7,38.2,53.7,62.5,66.8,67.0,57.8,46.5,20.2,18.2,0.82,0.17,0.63,3.1,1.45,4.22,1.13,6.86,0.13,-1.05,0.06,-0.67,2,1,2,3,4,2,3,3,2,3,2,2
32,2015,0.48,0.41,0.42,0.59,4.0,3.63,2.65,1.59,1.57,1.32,0.49,0.57,-0.35,-0.25,-0.48,-1.18,1.22,1.28,1.39,-0.34,-0.59,-0.52,-0.61,-0.47,3.96,3.62,2.99,1.93,2.96,2.84,2.79,2.16,1.65,1.49,1.2,1.15,0.2,0.1,-0.76,-1.09,1.27,0.29,0.22,-0.54,0.1,0.48,0.01,0.36,-0.79,0.05,-0.68,-1.46,0.62,1.07,0.18,-0.31,-0.34,0.22,0.28,0.09,0.51,-1.02,-1.46,-1.6,0.14,0.34,0.26,0.07,0.19,0.51,-0.12,-0.15,0.35,0.42,0.44,-0.09,0.53,0.1,0.45,-0.48,-0.35,-0.11,-0.09,0.04,1.65,1.6,1.43,1.31,1.07,1.18,1.16,1.16,0.88,0.28,0.36,0.26,25.0,19.7,44.9,58.2,64.9,77.0,82.3,82.3,76.0,59.7,42.6,28.8,7.0,-2.8,21.1,30.4,39.8,53.2,57.5,53.7,48.0,35.9,22.4,13.4,16.0,8.4,33.0,44.3,52.4,65.1,69.9,68.0,62.0,47.8,32.5,21.1,0.26,0.2,-0.77,-2.25,3.67,0.57,0.72,-1.02,-0.85,0.02,-0.43,0.25,2,2,3,4,3,3,3,3,3,3,2,2
33,2014,2.08,2.6,2.0,5.28,3.98,5.42,3.45,4.14,2.19,2.97,1.93,2.52,2.64,2.58,1.88,2.42,2.14,2.53,2.3,2.53,2.02,2.13,1.89,1.81,2.64,2.58,1.88,2.42,2.14,2.53,2.3,2.53,2.02,2.13,1.89,1.81,-0.32,0.35,-1.09,1.48,0.13,1.03,-0.44,0.64,-0.6,0.35,-0.61,-0.24,0.42,-0.16,-0.6,0.26,1.0,0.71,0.45,0.14,0.03,-0.23,-0.28,-0.66,0.2,0.46,0.18,0.44,0.43,0.44,0.44,0.54,0.72,0.27,-0.02,-0.47,0.43,0.55,0.5,0.8,1.16,1.07,0.41,0.75,0.65,0.49,0.27,-0.06,0.01,0.16,0.02,0.42,0.44,0.93,0.93,1.18,0.75,0.5,0.69,0.41,29.5,32.6,44.5,63.7,73.2,81.2,79.9,81.5,75.7,63.0,45.2,41.6,10.2,14.1,22.8,39.1,50.1,60.0,58.9,60.4,52.2,43.5,28.3,29.0,19.8,23.4,33.6,51.4,61.7,70.6,69.4,71.0,64.0,53.3,36.8,35.3,-0.41,0.62,-1.28,2.2,-0.11,1.83,0.09,1.39,-0.75,0.95,-0.06,0.36,1,2,4,4,2,2,1,1,2,2,3,2
33,2015,2.46,1.47,3.52,4.58,3.34,8.03,4.75,2.49,3.07,2.76,2.24,4.3,1.65,1.14,1.23,1.5,0.86,2.57,2.86,-0.26,-0.31,-0.14,-0.48,0.45,1.65,1.14,1.23,1.5,0.86,2.57,2.86,2.31,1.99,1.93,1.37,1.68,0.0,-0.79,0.22,0.93,-0.34,2.48,0.65,-0.86,0.12,0.19,-0.32,1.39,-0.24,-0.64,-0.36,0.69,0.32,1.68,2.14,-0.07,-0.44,0.13,-0.22,0.58,-0.36,-0.92,-0.64,-0.4,-0.29,1.01,1.32,1.45,1.2,0.93,0.94,0.25,-0.03,-0.29,0.09,-0.06,-0.2,0.34,0.63,0.27,0.49,0.43,0.51,0.89,0.34,0.3,0.43,0.5,0.64,0.96,0.66,0.69,0.78,0.65,0.53,0.59,32.5,27.4,45.8,63.0,77.0,79.2,81.8,81.2,80.1,65.0,57.7,51.7,16.3,7.1,25.9,40.0,53.0,60.4,61.5,59.0,56.8,43.6,36.9,35.7,24.4,17.3,35.9,51.5,65.0,69.8,71.6,70.1,68.4,54.4,47.3,43.7,0.07,-1.03,0.62,1.21,-1.46,5.39,1.68,-0.78,-0.24,0.42,-1.07,1.35,2,2,4,3,3,1,1,2,2,3,3,2
34,2014,0.33,0.49,1.74,1.69,3.14,5.71,4.57,1.55,2.57,3.44,2.2,1.44,-0.48,-0.89,-1.01,-1.41,-1.84,0.52,1.41,0.0,-0.29,-0.22,-0.11,-0.26,0.66,-0.89,-1.01,-1.41,-1.84,-1.13,1.41,1.26,0.84,0.79,0.8,0.56,-1.45,-1.32,-0.53,-1.28,-0.78,0.96,1.04,-1.02,-0.3,0.39,0.22,-0.04,-0.83,-1.86,-1.16,-1.25,-1.7,0.11,1.28,0.16,-0.92,0.0,0.31,0.0,-0.4,-0.89,-0.93,-1.67,-2.05,-1.12,-0.43,-0.49,-0.44,0.03,0.42,-0.02,0.25,-0.2,-0.16,-0.54,-0.85,-0.48,-0.61,-0.92,-0.89,-0.85,-0.77,-0.8,-0.71,-0.87,-1.23,-1.59,-1.48,-1.01,-0.64,-0.73,-0.78,-0.55,-0.4,-0.21,50.1,48.0,60.4,73.3,82.1,87.5,89.0,93.0,84.8,78.0,56.7,49.7,22.0,24.3,32.3,45.5,55.8,67.1,66.7,68.4,61.8,51.2,32.1,33.9,36.0,36.1,46.3,59.4,68.9,77.3,77.8,80.7,73.3,64.6,44.4,41.8,-1.19,-1.36,-0.65,-1.51,-1.71,1.57,2.83,-0.01,-0.86,0.11,0.26,-0.46,4,4,4,3,3,2,2,2,2,2,3,2
34,2015,1.21,1.18,2.41,4.85,14.44,4.81,5.43,2.45,2.07,3.26,6.05,5.56,-0.34,-0.46,-0.47,0.57,3.57,3.5,4.29,4.26,3.31,3.01,4.11,5.64,-0.34,-0.46,-0.47,0.57,3.57,3.5,4.29,4.26,3.31,3.01,4.11,5.64,-0.08,-0.29,0.04,1.01,3.09,0.54,1.48,-0.22,-0.64,0.3,2.06,2.32,-0.3,-0.38,-0.22,0.72,3.09,2.76,1.27,0.91,-0.73,-0.26,1.52,2.92,-0.5,-0.27,-0.09,0.19,2.26,2.2,2.77,2.79,2.44,2.25,1.3,1.99,-0.65,-0.55,-0.43,0.12,1.83,1.64,1.77,1.92,1.75,1.81,2.36,2.94,-0.28,-0.49,-0.43,-0.33,0.78,0.86,0.9,0.8,0.74,0.72,1.25,1.46,49.7,50.2,63.0,73.1,75.8,89.2,92.9,91.3,88.9,76.1,62.7,56.4,25.8,25.3,39.1,49.8,56.4,67.6,71.3,67.3,64.4,50.6,40.1,32.7,37.7,37.8,51.1,61.4,66.1,78.4,82.1,79.3,76.6,63.4,51.4,44.6,-0.32,-0.48,-0.16,1.71,9.17,0.9,3.44,1.24,-1.54,0.14,4.24,5.86,4,4,3,3,1,2,2,3,3,4,3,3
35,2014,2.35,5.78,5.52,2.52,1.8,1.14,0.5,0.67,1.14,3.5,4.14,6.23,-3.12,-1.92,-0.99,-0.89,-1.04,-1.19,-1.41,-1.55,-1.59,-1.24,-1.26,-0.8,-3.12,-1.92,-0.99,-0.89,-1.04,-1.19,-1.41,-1.55,-1.59,-1.24,-1.26,-0.8,-1.26,1.19,1.37,0.14,-0.21,-0.32,0.35,0.46,0.09,0.86,-0.06,0.68,-1.95,-0.06,1.57,1.12,-0.07,-0.48,-0.23,0.34,0.18,0.67,0.29,0.36,-1.39,-0.8,-0.96,-0.63,-0.33,0.36,1.15,0.65,-0.22,0.22,0.11,0.63,-1.88,-1.04,-0.23,-0.18,-0.33,-0.41,-0.34,-0.38,-1.01,-0.51,-0.18,0.67,-0.59,-0.16,-0.36,-0.49,-0.52,-0.74,-0.73,-0.62,-0.48,-0.51,-0.7,-0.8,45.9,42.8,52.1,57.8,66.6,71.9,85.8,81.5,75.2,64.6,46.9,42.2,27.5,27.8,31.4,33.7,40.1,44.2,54.2,51.8,46.2,41.1,29.6,29.8,36.7,35.3,41.8,45.8,53.3,58.1,70.0,66.6,60.8,52.9,38.2,36.0,-3.19,2.63,2.18,0.02,-0.73,-0.78,-1.04,-0.85,-0.61,0.56,-0.42,0.99,2,2,2,3,3,4,5,5,4,3,2,1
35,2015,1.98,3.58,2.59,1.55,2.17,0.42,0.76,0.38,0.83,1.93,3.85,10.13,-1.89,-2.01,-2.65,-2.8,-2.58,-3.17,-3.52,-3.7,-3.65,-3.83,-3.79,-1.79,-1.89,-2.01,-2.65,-2.8,-2.58,-3.17,-3.52,-3.7,-3.65,-3.83,-3.79,-1.79,-1.51,0.07,-0.56,-0.89,0.17,-1.55,0.88,-0.09,-0.35,-0.26,-0.2,2.1,-0.35,-1.09,-0.29,-0.96,-0.51,-0.78,-0.81,0.3,-0.53,-0.55,-0.44,1.34,-0.08,-0.13,-0.27,-0.72,-0.77,-1.62,-0.86,-1.14,-1.14,-0.93,-0.91,1.05,0.57,0.2,-0.33,-0.55,-0.5,-0.65,-0.59,-0.65,-0.72,-1.05,-1.14,-0.29,-0.88,-0.55,-0.42,-0.53,-0.59,-0.77,-0.68,-0.73,-1.3,-1.11,-0.88,0.27,46.3,50.9,57.7,57.6,65.5,80.7,82.4,82.6,72.8,66.6,44.5,38.5,29.9,32.5,33.7,31.8,41.6,50.5,52.6,51.2,43.4,41.9,27.1,26.2,38.1,41.7,45.7,44.7,53.5,65.6,67.5,66.9,58.1,54.3,35.8,32.4,-3.53,-0.95,-2.54,-1.25,-0.2,-2.57,-2.02,-1.62,-1.0,-1.68,-1.08,4.85,1,2,2,3,3,5,5,5,4,4,2,2
36,2014,2.32,3.24,2.6,3.85,5.29,5.31,4.53,4.28,1.88,3.73,2.44,2.96,1.05,1.31,0.91,0.91,1.21,1.58,1.72,2.0,-0.6,-0.36,-0.45,-0.45,1.05,1.31,0.91,0.91,1.21,1.58,1.72,2.0,1.19,1.25,0.99,0.85,-0.51,0.65,-0.78,0.28,0.92,0.87,0.22,0.39,-1.22,0.35,-0.49,-0.14,0.12,-0.06,-0.15,-0.29,0.86,1.19,0.72,0.3,-0.54,-0.59,-0.13,-0.51,-0.14,0.05,0.15,0.2,0.52,0.58,0.82,0.71,0.45,0.45,-0.07,-0.43,-0.21,0.03,0.13,0.28,0.67,0.49,0.41,0.47,0.4,0.42,0.25,0.05,-0.01,0.18,0.14,0.31,0.33,0.6,0.6,0.74,0.29,0.02,0.19,-0.03,29.2,32.4,41.0,60.3,70.8,78.8,79.9,78.0,73.8,62.7,45.1,40.1,10.1,13.1,19.6,35.2,47.2,56.4,58.3,55.8,51.2,43.3,28.3,27.9,19.6,22.8,30.3,47.7,59.0,67.6,69.1,66.9,62.5,53.0,36.7,34.0,-0.72,1.11,-0.81,0.27,1.19,1.49,0.91,1.37,-1.79,0.53,-0.39,-0.12,1,1,4,5,3,2,2,2,2,3,3,1
36,2015,2.44,1.52,3.19,3.86,2.57,8.36,4.33,2.57,4.32,3.78,2.06,4.1,-0.58,-1.08,-0.95,-0.8,-1.66,1.91,1.84,-0.54,-0.41,-0.11,-0.75,-0.45,0.58,-1.08,-0.95,-0.8,-1.66,1.91,1.84,1.12,1.07,1.22,-0.75,-0.45,-0.4,-1.16,-0.22,0.29,-0.97,2.43,0.06,-1.1,0.53,0.38,-0.82,0.82,-0.41,-1.16,-0.97,0.06,-0.54,1.33,1.9,-0.68,-0.15,0.57,-0.3,-0.08,-0.71,-1.32,-0.87,-0.92,-1.24,0.36,0.52,0.42,0.67,0.67,0.75,-0.06,0.06,-0.3,-0.17,-0.19,-0.76,-0.14,-0.16,-0.53,0.02,0.0,-0.06,0.18,-0.08,-0.17,-0.04,0.03,-0.06,0.24,0.15,-0.01,0.25,0.25,0.05,0.13,30.9,26.8,42.1,60.5,76.2,77.0,81.3,80.6,78.0,61.4,55.9,50.0,14.1,5.5,21.2,36.4,50.6,57.3,59.5,57.1,55.1,40.0,35.2,34.5,22.5,16.1,31.6,48.4,63.4,67.1,70.4,68.9,66.6,50.7,45.5,42.3,-0.54,-1.69,0.06,0.17,-2.83,5.74,0.38,-1.61,0.21,0.78,-1.95,0.66,1,1,3,5,4,2,2,2,2,2,3,1
37,2014,3.31,4.23,5.91,4.57,3.25,2.31,4.67,2.54,0.86,4.44,5.14,6.01,-1.52,0.38,1.02,1.07,-0.19,-0.53,-0.02,-0.38,-1.31,0.05,0.19,0.73,-1.52,-0.99,1.02,1.07,0.77,-0.53,-0.02,-0.38,-1.31,-1.12,-0.86,0.73,-0.22,0.59,0.9,0.36,-0.07,-0.42,0.87,-0.59,-1.75,0.45,0.56,0.97,-0.15,0.16,0.99,0.79,0.2,-0.38,0.22,0.1,-1.69,-0.74,0.63,1.0,-1.07,-0.8,-0.26,0.5,0.49,0.33,0.69,0.14,-0.84,-0.75,-0.43,0.19,-0.16,-0.27,0.31,0.67,0.6,-0.6,-0.31,-0.44,-0.78,-0.2,0.0,0.26,-0.78,-0.45,0.0,0.11,-0.03,-0.2,-0.12,-0.24,-0.62,-0.57,-0.16,-0.13,35.4,36.2,42.8,57.0,68.0,77.1,81.1,79.0,75.1,64.0,50.4,44.3,16.8,18.3,22.6,37.1,47.9,55.6,63.5,58.2,53.7,46.6,32.4,30.6,26.1,27.2,32.8,47.0,58.0,66.4,72.3,68.6,64.4,55.3,41.4,37.4,-0.54,1.13,2.04,0.46,-0.56,-1.08,1.37,-1.11,-2.9,0.16,0.44,1.65,1,1,2,2,2,2,1,2,1,1,2,1
37,2015,3.71,2.67,4.15,2.5,1.03,5.34,3.12,2.53,4.0,4.02,2.59,5.22,-0.05,-0.32,-0.18,-0.74,-1.73,-1.06,-1.04,-1.5,-1.52,-1.32,-1.94,-1.7,-0.05,-0.32,-0.18,-0.74,-1.73,-1.06,-1.04,-1.5,-1.52,-1.32,-1.94,-1.7,0.04,-0.55,0.11,-0.89,-1.84,1.02,0.01,-0.6,0.29,0.26,-0.75,0.61,0.71,-0.42,-0.25,-0.6,-2.0,-0.01,0.7,-0.58,-0.28,0.26,-0.39,-0.14,-0.16,-0.11,0.55,0.05,-0.83,-0.78,-0.74,-0.89,-0.76,-0.28,-0.03,-0.28,0.31,0.06,-0.17,-0.53,-0.92,-0.44,-0.67,-0.67,-0.18,-0.21,-0.65,-0.78,0.03,-0.17,-0.01,0.04,-0.22,-0.71,-0.71,-0.73,-0.64,-0.34,-0.46,-0.37,34.1,28.4,41.3,57.5,73.1,73.8,81.9,82.4,78.6,62.2,56.4,53.3,16.9,7.0,22.4,36.8,49.4,55.2,62.7,62.7,56.7,42.6,37.8,37.3,25.5,17.7,31.8,47.2,61.2,64.5,72.3,72.6,67.6,52.4,47.1,45.3,-0.14,-0.84,0.31,-1.73,-3.2,1.48,-0.28,-1.69,-0.53,0.14,-2.28,0.13,1,1,1,2,3,2,1,1,2,1,2,1
38,2014,3.15,3.31,4.34,4.24,3.97,3.43,4.62,4.31,5.47,1.81,4.44,3.94,0.63,0.38,0.43,0.64,0.63,-0.34,-0.57,-0.86,-0.49,-0.87,0.63,0.77,2.33,1.91,1.8,1.87,1.74,1.22,0.82,-0.86,-0.49,-0.87,0.63,0.77,-0.25,-0.32,0.22,0.63,0.35,-0.73,-0.33,-0.4,0.73,-0.5,1.1,0.28,0.46,-0.45,-0.06,0.48,0.6,-0.37,-0.78,-0.67,0.22,0.14,0.36,0.87,-0.18,-0.54,-0.05,0.47,0.43,-0.17,-0.21,-0.32,-0.06,-0.55,-0.21,0.19,1.35,0.98,1.09,1.05,1.08,0.48,-0.33,-0.64,-0.11,-0.01,0.15,-0.03,0.55,0.67,0.74,0.92,0.74,0.67,0.63,0.33,0.58,0.56,0.81,0.88,51.6,59.7,62.6,76.0,84.1,89.2,89.3,88.5,82.4,78.1,61.8,60.0,27.9,36.7,37.5,50.6,59.4,67.6,69.1,68.1,66.1,51.9,36.8,38.3,39.7,48.2,50.0,63.3,71.7,78.4,79.2,78.3,74.3,65.0,49.3,49.2,-0.21,-0.56,0.27,0.76,0.19,-1.01,-0.81,-1.05,0.84,-1.27,1.88,0.62,4,4,5,4,4,3,3,3,3,3,3,3
38,2015,3.56,4.06,3.18,4.47,1.63,4.12,3.47,5.71,4.35,12.17,7.24,6.7,0.69,0.83,-0.47,-0.16,-0.95,-1.41,-2.24,-2.14,-2.09,2.77,4.16,4.65,0.69,0.83,-0.47,-0.16,-0.95,-1.41,-2.24,-2.14,-2.09,2.77,4.16,4.65,0.01,0.12,-0.46,0.77,-1.36,-0.25,-1.26,0.33,0.27,2.89,2.18,1.65,0.11,0.04,-0.22,0.11,-0.32,-1.17,-1.0,-0.56,0.32,2.58,3.06,2.45,0.3,0.52,0.07,0.5,-0.28,-0.48,-0.88,-0.91,-0.61,1.17,2.25,2.65,0.02,0.14,-0.05,-0.05,-0.39,-0.28,-0.42,-0.17,-0.36,1.06,1.45,1.82,0.94,0.68,0.67,0.66,0.47,0.14,-0.56,-0.6,-0.38,0.66,1.03,1.36,54.7,52.3,67.9,75.8,83.8,91.8,93.4,89.8,83.7,74.0,68.0,68.3,32.8,29.8,44.9,53.8,59.3,69.1,71.0,69.2,64.9,52.5,47.9,48.6,43.8,41.0,56.4,64.8,71.6,80.5,82.2,79.5,74.3,63.3,58.0,58.5,0.01,0.62,-1.42,0.78,-2.41,-1.68,-2.91,-0.4,-0.52,8.32,5.03,2.74,3,4,4,4,3,4,4,3,3,2,2,2
39,2014,0.24,0.36,0.76,1.97,2.42,5.89,1.04,4.04,1.61,0.57,0.62,0.67,4.49,4.29,4.29,4.49,4.2,5.6,5.17,6.68,6.39,5.34,4.93,4.76,4.49,4.29,4.29,4.49,4.2,5.6,5.17,6.68,6.39,5.34,4.93,4.76,-0.74,-0.57,-0.44,0.09,-0.3,1.86,-1.84,1.99,0.13,-0.87,0.2,0.65,0.22,-1.0,-0.75,-0.24,-0.26,1.05,0.62,0.34,1.35,-0.47,-0.68,0.4,1.83,1.77,1.95,-0.57,-0.52,0.54,0.04,0.77,0.82,0.55,0.83,-0.09,1.47,1.4,1.44,1.41,0.79,1.52,1.09,1.5,1.43,0.25,0.35,0.33,0.18,0.02,0.08,-0.12,-0.2,0.53,0.43,0.95,1.2,1.22,1.25,1.25,30.2,25.3,41.5,56.9,67.8,75.6,82.4,80.5,73.8,64.0,36.6,33.7,6.4,2.5,17.3,30.0,43.4,52.8,56.5,58.0,47.2,36.5,14.6,14.8,18.3,13.9,29.4,43.4,55.6,64.2,69.5,69.3,60.5,50.3,25.6,24.2,0.45,0.78,1.32,1.92,0.53,5.48,0.45,6.13,1.2,-1.19,0.43,1.02,2,2,3,4,3,3,4,3,3,3,3,3
39,2015,0.27,0.34,0.24,0.87,5.72,4.05,3.02,3.36,1.33,1.44,1.02,1.12,4.23,3.75,2.43,1.25,2.89,3.08,3.67,4.71,4.13,3.83,3.68,4.09,4.23,3.75,2.43,1.25,2.89,3.08,3.67,4.71,4.13,3.83,3.68,4.09,-0.57,-0.66,-2.07,-1.3,1.82,0.56,0.57,1.39,-0.2,0.33,0.91,1.7,0.11,-0.97,-2.8,-2.0,1.0,1.77,0.71,1.23,0.74,-0.01,0.59,1.55,0.61,-0.57,-1.74,-1.91,0.36,0.48,0.69,1.15,1.23,1.51,1.0,1.11,0.34,0.33,0.19,-0.15,0.84,0.24,0.81,0.63,0.58,0.79,0.9,1.01,1.19,1.13,1.05,0.81,1.0,1.19,1.22,1.39,1.27,0.64,0.77,0.86,33.2,32.0,54.1,62.1,65.4,79.4,85.1,82.9,79.6,64.0,47.8,32.5,12.2,7.0,23.9,33.3,42.3,55.8,59.0,56.8,52.2,39.1,25.0,16.1,22.7,19.5,39.0,47.7,53.8,67.6,72.1,69.8,65.9,51.6,36.4,24.3,-0.13,-0.12,-2.81,-2.78,5.29,1.46,2.74,4.25,-0.28,0.37,0.73,2.37,2,3,4,4,3,3,3,3,3,3,3,2
40,2014,2.7,5.18,3.93,5.81,2.91,6.82,4.13,5.0,2.22,7.01,3.22,4.59,2.27,2.22,1.61,1.92,1.18,2.06,2.05,2.58,2.03,3.28,2.97,2.59,2.27,2.22,1.61,1.92,1.18,2.06,2.05,2.58,2.03,3.28,2.97,2.59,-1.0,0.46,-0.65,0.78,-0.92,1.51,-0.24,0.83,-0.72,1.92,-0.33,-0.08,0.04,-0.35,-0.18,-0.01,-0.02,0.46,1.03,0.36,0.01,1.06,1.13,-0.29,-0.28,-0.16,-0.51,-0.03,-0.26,-0.15,0.19,0.34,0.44,1.03,1.14,0.48,0.69,1.01,0.84,0.56,0.16,0.3,-0.06,0.07,-0.11,0.59,0.51,0.23,0.35,0.54,0.44,0.73,0.69,1.08,0.93,1.08,0.75,1.06,1.18,1.15,41.6,48.4,57.4,71.9,78.9,84.4,84.1,86.6,81.2,71.8,53.0,50.3,18.5,28.2,32.6,45.2,55.7,65.1,62.7,65.2,60.1,48.5,31.8,35.4,30.0,38.3,45.0,58.6,67.3,74.8,73.4,75.9,70.7,60.2,42.4,42.8,-1.69,0.56,-1.15,1.44,-1.64,3.01,0.59,2.25,-0.87,4.39,0.09,-0.24,4,4,5,4,3,2,2,2,2,2,3,2
40,2015,2.81,4.56,5.41,5.96,3.68,4.76,6.48,4.53,2.73,3.96,6.38,7.9,1.76,1.63,1.43,1.75,1.24,1.33,1.98,2.4,2.03,2.23,2.68,3.09,1.76,1.63,1.43,1.75,1.24,1.33,1.98,2.4,2.03,2.23,2.68,3.09,-0.92,0.19,0.12,0.85,-0.37,0.44,1.38,0.55,-0.35,0.58,1.21,1.3,-0.68,-0.56,0.09,0.55,0.34,-0.07,1.14,1.26,0.03,0.08,1.17,1.59,0.09,-0.07,0.15,-0.32,-0.31,-0.18,0.59,0.85,0.73,0.59,1.24,1.68,0.19,0.12,0.3,0.32,0.4,0.13,0.44,0.42,0.51,0.14,0.52,0.98,0.61,0.74,0.74,0.56,0.37,0.25,0.2,0.23,0.16,0.39,0.62,0.81,45.8,41.4,60.2,71.8,79.8,86.4,87.6,85.0,82.5,71.3,63.6,60.9,26.3,21.3,37.7,48.3,56.2,65.4,68.9,63.4,59.3,48.1,43.4,41.7,36.1,31.4,49.0,60.1,68.0,75.9,78.3,74.2,70.9,59.7,53.5,51.3,-1.69,0.16,-0.08,1.38,-0.97,0.63,2.37,1.87,-0.36,1.22,2.04,2.07,3,3,3,3,3,2,1,2,2,3,3,2
41,2014,0.37,0.73,1.11,0.98,4.1,3.01,2.58,1.73,3.59,1.76,2.83,1.22,-2.94,-3.2,-3.1,-3.49,-3.06,-3.14,-3.02,-3.2,-2.72,-2.92,0.59,0.22,-2.94,-3.2,-3.1,-3.49,-3.06,-3.14,-3.02,-3.2,-2.72,-2.92,-2.03,-2.13,-1.58,-1.04,-0.67,-1.38,0.65,0.21,0.3,-0.37,0.57,-0.37,0.96,-0.42,-1.18,-1.73,-1.13,-1.41,-0.2,0.52,0.24,-0.2,0.12,0.08,0.24,0.38,-0.1,-0.05,-0.57,-1.33,-1.14,-0.88,-0.45,-0.37,-0.04,0.1,0.16,0.0,-0.64,-0.73,-0.67,-0.84,-0.46,-0.29,-0.36,-0.29,-0.4,-0.72,-0.57,-0.59,-0.77,-0.99,-1.3,-1.42,-1.27,-1.09,-1.08,-1.06,-1.17,-1.01,-0.71,-0.52,59.0,61.1,68.9,79.1,85.1,91.4,93.1,94.7,86.6,82.8,63.6,60.5,30.0,35.7,40.7,51.7,59.0,69.8,70.3,70.6,66.2,56.4,39.4,40.9,44.5,48.4,54.8,65.4,72.0,80.6,81.7,82.6,76.4,69.6,51.5,50.7,-1.84,-1.7,-0.67,-2.14,0.2,-1.18,-0.61,-1.46,0.44,-1.44,1.77,-0.93,5,5,5,5,5,5,5,5,5,5,5,4
41,2015,2.67,1.09,3.47,3.96,9.05,3.72,1.85,1.43,1.43,6.17,3.87,2.52,0.74,0.51,1.48,2.2,4.75,5.13,5.16,4.19,2.82,3.86,4.64,4.85,-1.37,-1.38,1.48,2.2,4.75,5.13,5.16,4.19,2.82,3.86,4.64,4.85,1.29,-0.52,1.82,1.33,3.05,0.71,-0.4,-0.73,-1.14,1.84,1.61,0.88,0.53,0.6,0.99,1.73,2.94,2.62,0.23,-0.9,-1.36,0.97,2.16,1.59,0.3,0.35,0.62,1.39,2.52,2.57,2.3,2.16,1.48,1.96,1.0,1.01,-0.15,-0.07,0.37,0.98,1.88,1.89,1.67,1.58,1.28,2.1,2.33,2.47,-0.51,-0.53,-0.17,0.13,1.03,1.21,1.05,1.03,0.71,1.11,1.44,1.29,54.6,60.4,67.4,78.1,81.9,89.9,94.5,96.1,91.6,81.6,68.3,64.1,33.3,36.1,45.0,55.0,61.3,68.6,71.9,70.5,66.9,56.8,46.3,38.8,44.0,48.2,56.2,66.6,71.6,79.3,83.2,83.3,79.2,69.2,57.3,51.5,1.62,-0.45,3.06,2.6,8.33,2.62,1.68,-1.32,-2.81,3.99,3.52,2.08,5,5,5,4,3,5,5,5,5,5,4,4
42,2014,0.61,1.06,0.99,0.94,1.02,0.24,1.14,2.46,2.66,0.2,0.75,1.26,-2.36,-2.57,-3.0,-3.09,-3.3,-4.03,-4.2,-2.75,-1.14,-1.96,-2.15,-1.98,-2.36,-2.57,-3.0,-3.09,-3.3,-4.03,-4.2,-2.75,-1.14,-1.96,-2.15,-1.98,-0.84,-0.11,-0.45,-0.33,0.0,-0.84,0.47,1.87,1.86,-1.61,-0.42,0.31,-0.66,-0.63,-0.45,-0.69,-0.27,-0.59,-0.22,1.57,2.4,0.62,-1.5,-0.1,0.55,0.4,-0.76,-0.84,-0.86,-1.06,-0.7,0.16,1.31,0.89,0.79,1.02,-0.22,-0.03,0.09,-0.04,-0.02,0.1,-0.01,0.37,0.34,0.03,-0.07,0.02,-0.89,-0.86,-0.79,-0.73,-0.55,-0.5,-0.54,-0.16,0.25,0.08,0.09,-0.06,41.7,46.7,53.9,59.7,70.2,81.4,89.0,80.7,77.7,66.7,49.6,40.9,19.1,24.8,28.1,33.7,42.7,50.5,60.1,54.7,50.6,39.5,25.7,22.5,30.4,35.7,41.0,46.7,56.5,66.0,74.6,67.7,64.2,53.1,37.7,31.7,-1.67,-1.36,-2.09,-1.19,-1.59,-3.21,-1.76,3.06,3.97,-2.82,-1.17,-0.16,2,2,2,3,3,4,5,4,3,2,2,1
42,2015,0.92,0.63,0.85,0.98,3.2,0.97,1.46,1.27,0.88,1.8,1.07,1.38,-2.09,-2.77,-3.61,-3.76,-2.3,-2.55,-2.36,-2.22,-2.28,-1.84,-1.61,-1.32,-2.09,-2.77,-3.61,-3.76,-2.3,-2.55,-2.36,-2.22,-2.28,-1.84,-1.61,-1.32,-0.21,-0.95,-0.7,-0.25,2.32,0.71,1.02,0.23,-0.09,0.81,0.18,0.49,-0.03,-0.79,-1.13,-0.83,1.66,2.2,1.06,0.72,0.04,0.47,0.68,0.38,0.78,-0.18,-1.55,-1.02,0.42,0.48,0.97,1.3,1.47,2.01,0.79,0.7,0.11,-0.08,-0.13,-0.1,0.73,0.98,1.08,0.68,0.05,0.63,0.75,0.8,-0.09,-0.06,-0.04,-0.1,0.45,0.68,0.65,0.66,0.2,0.42,0.42,0.56,42.0,50.8,58.3,60.6,65.4,85.0,83.9,85.2,79.9,66.1,45.7,36.5,22.3,27.0,31.4,33.5,42.2,55.1,56.2,56.8,51.1,42.6,23.3,16.7,32.1,38.9,44.9,47.1,53.8,70.0,70.1,71.0,65.5,54.3,34.5,26.6,-0.92,-2.68,-3.38,-1.58,3.22,-1.47,-0.22,-0.29,-0.89,0.62,0.13,0.38,1,2,2,3,3,3,4,3,3,3,1,1
43,2014,3.11,3.18,3.38,3.25,4.68,4.57,6.27,3.48,1.85,5.13,2.55,4.63,1.77,1.91,1.9,1.62,1.74,1.79,2.65,-0.04,-0.77,-0.28,-0.74,-0.06,1.77,1.91,1.9,1.62,1.74,1.79,2.65,2.34,1.37,1.63,0.98,1.48,0.32,0.65,0.32,-0.01,0.72,0.45,1.3,-0.36,-1.44,0.87,-0.69,1.05,0.27,0.57,0.62,0.19,0.5,0.72,1.08,0.8,-1.56,-0.19,0.29,0.3,-0.12,0.18,0.1,0.46,0.68,0.74,1.17,0.92,0.29,0.65,0.11,0.36,1.01,1.21,1.35,1.5,1.26,0.66,0.68,0.67,0.28,0.73,0.54,0.74,0.52,0.73,0.84,0.82,0.74,0.81,1.11,1.13,0.79,0.78,0.97,0.9,24.4,26.5,30.8,52.4,65.0,74.4,77.8,74.1,69.2,57.6,41.2,33.4,4.9,6.7,6.6,28.6,42.2,50.7,55.2,52.5,45.8,40.9,25.5,20.6,14.6,16.6,18.6,40.5,53.6,62.6,66.5,63.3,57.5,49.3,33.3,27.0,0.24,0.97,0.56,-0.25,0.86,0.68,3.13,-0.11,-2.2,1.23,-1.47,1.81,1,1,1,3,2,1,1,1,1,1,2,1
43,2015,2.79,1.79,1.34,2.71,3.06,8.63,4.08,2.95,4.73,3.48,1.81,5.07,-0.12,-0.59,-1.39,-1.55,-2.0,2.19,0.04,-0.56,-0.48,-0.39,-1.41,0.68,1.26,0.65,-1.39,-1.55,-2.0,2.19,2.0,1.24,1.13,1.06,-1.41,-0.59,0.06,-0.85,-1.6,-0.48,-0.31,2.25,0.02,-0.82,0.65,-0.01,-1.45,1.32,0.75,-0.62,-1.9,-1.52,-0.53,1.52,1.65,-0.66,-0.01,0.33,-0.93,0.16,-0.17,-0.3,-0.24,-0.95,-0.77,0.24,0.27,0.22,0.81,0.86,0.61,-0.12,0.69,0.45,0.02,-0.1,-0.41,0.36,0.02,-0.08,0.44,0.14,0.0,0.12,0.97,0.97,0.81,0.81,0.51,0.58,0.36,0.32,0.39,0.5,0.32,0.49,23.8,17.6,33.4,50.6,72.7,70.2,77.6,77.8,74.9,55.0,49.3,42.1,0.6,-6.8,11.2,28.4,44.5,49.5,54.9,55.5,49.9,33.5,29.0,28.1,12.2,5.3,22.3,39.5,58.6,59.9,66.2,66.6,62.4,44.3,39.2,35.1,-0.21,-1.43,-2.59,-0.91,-1.83,6.57,0.11,-1.67,0.06,0.13,-3.2,2.04,1,1,1,3,3,1,1,1,1,1,2,1
44,2014,2.69,3.36,3.29,4.73,4.35,3.49,3.82,4.69,2.97,4.02,3.13,3.21,2.39,2.3,2.03,2.41,2.22,-0.16,-0.36,-0.12,-0.36,0.15,0.32,0.33,2.39,2.3,2.03,2.41,2.22,1.83,1.42,1.48,1.08,1.12,1.18,1.11,-0.34,0.31,-0.23,1.09,0.32,-0.32,-0.56,0.41,-0.13,0.56,0.27,0.03,1.03,-0.09,0.07,0.5,0.91,-0.03,-0.61,-0.13,0.01,0.17,0.5,0.17,0.04,0.11,0.56,0.9,1.01,0.14,0.05,0.08,0.09,-0.01,-0.04,0.04,0.85,1.03,0.94,1.14,1.17,0.52,0.06,0.14,0.36,0.53,0.51,0.11,0.63,0.72,0.65,0.84,0.93,1.01,0.93,0.95,0.76,0.72,0.96,1.0,40.6,47.3,52.5,68.0,77.5,83.4,84.0,80.8,77.3,68.8,53.0,49.4,18.3,26.6,28.8,42.0,52.9,61.5,62.9,61.7,58.9,46.8,31.2,32.1,29.4,37.0,40.7,55.0,65.2,72.5,73.4,71.3,68.1,57.8,42.1,40.8,-0.39,0.47,-0.1,1.75,0.18,-0.47,-0.66,0.62,-0.75,0.45,0.54,0.14,3,3,4,4,3,2,2,2,2,2,3,2
44,2015,2.59,2.66,3.75,4.51,2.15,6.95,5.05,2.65,5.73,4.58,3.92,5.22,0.1,0.02,0.05,0.48,-0.94,1.15,1.3,0.69,1.28,1.77,1.98,2.38,0.8,0.64,0.61,0.98,-0.94,1.15,1.3,0.69,1.28,1.77,1.98,2.38,-0.44,-0.23,0.13,0.94,-1.32,1.84,0.44,-1.04,1.07,0.84,0.74,1.42,-0.31,-0.57,-0.06,0.62,-0.31,0.56,1.57,-0.49,0.28,1.27,0.99,1.33,0.01,-0.15,0.09,0.18,-0.5,0.34,0.65,0.26,0.74,0.8,1.36,1.25,0.08,-0.01,0.06,-0.01,-0.43,0.15,0.41,0.07,0.53,0.65,0.76,1.11,0.62,0.67,0.66,0.77,0.55,0.51,0.38,0.21,0.66,0.79,0.86,0.84,43.1,39.8,55.6,68.1,79.2,83.7,84.7,84.0,79.4,67.1,61.8,59.0,24.4,18.0,32.7,43.8,54.9,63.7,65.8,62.4,59.1,45.5,40.4,40.3,33.8,28.9,44.2,55.9,67.1,73.7,75.3,73.2,69.3,56.3,51.1,49.6,-0.58,-0.23,0.11,1.31,-2.83,3.46,0.8,-1.42,1.96,1.87,1.18,1.82,2,3,4,4,3,2,1,2,2,2,3,1
45,2014,4.42,6.28,7.78,3.78,2.44,1.73,0.77,1.47,1.79,6.01,6.1,6.23,-2.53,0.62,1.87,2.08,0.0,-0.08,-0.25,-0.25,-0.43,0.58,0.61,-0.2,-2.53,-1.65,1.87,2.08,1.86,1.59,1.25,1.09,0.77,1.28,1.23,0.9,-0.75,0.91,1.85,0.78,0.26,-0.05,0.1,0.79,-0.03,1.23,-0.03,-0.06,-1.67,-0.01,1.76,1.92,0.71,0.11,-0.08,0.53,0.36,1.0,0.61,-0.09,-1.11,-0.85,-0.77,-0.26,0.27,1.13,1.6,1.7,0.54,0.95,0.54,0.46,-1.02,-0.45,0.23,0.13,0.05,-0.02,0.07,0.05,-0.54,0.21,0.5,1.04,0.21,0.37,0.38,0.39,0.44,0.22,0.15,0.3,0.47,0.39,0.17,-0.04,39.9,36.3,49.0,56.3,66.2,69.8,82.4,80.0,72.0,60.7,43.7,39.6,28.3,23.4,31.2,35.4,42.4,46.9,54.8,54.6,47.7,43.0,28.9,28.7,34.1,29.8,40.1,45.8,54.3,58.3,68.6,67.3,59.8,51.9,36.3,34.2,-1.6,1.85,3.95,1.2,0.0,-0.25,-0.52,-0.09,-0.62,1.75,0.25,-0.61,2,2,3,3,3,4,5,5,4,3,2,1
45,2015,4.96,4.3,4.32,1.82,1.51,0.47,0.42,1.33,1.5,4.18,7.02,11.42,-0.58,-0.89,-1.09,-1.48,-1.86,-2.79,-3.76,-3.73,-3.61,-3.41,0.31,1.91,-0.58,-0.89,-1.09,-1.48,-1.86,-2.79,-3.76,-3.73,-3.61,-3.41,-2.75,-0.84,-0.5,-0.11,0.19,-0.95,-0.8,-1.95,-0.62,0.65,-0.3,0.32,0.33,2.06,-0.35,-0.5,0.05,-0.41,-1.29,-1.94,-1.97,0.06,0.06,0.04,0.32,1.61,0.16,-0.01,0.09,-0.53,-0.76,-1.22,-1.25,-1.21,-1.76,-0.82,-0.27,1.36,1.2,0.85,0.26,-0.08,-0.21,-0.41,-0.46,-0.48,-0.51,-0.85,-0.69,0.13,0.08,0.25,0.33,0.1,-0.03,-0.23,-0.19,-0.22,-0.72,-0.41,-0.13,0.83,40.6,48.3,55.0,57.2,67.6,79.2,82.2,80.1,67.9,62.2,43.1,37.0,29.6,33.1,34.6,34.2,44.5,51.8,55.0,53.2,44.5,42.6,28.9,27.2,35.1,40.7,44.8,45.7,56.0,65.5,68.6,66.6,56.2,52.4,36.0,32.1,-1.2,-1.12,-0.85,-1.52,-1.6,-3.35,-3.79,-1.07,-0.8,-0.5,0.93,4.89,1,2,3,3,3,4,5,5,3,3,2,1
46,2014,2.25,4.18,3.04,3.06,4.24,4.54,4.03,4.42,2.2,5.19,2.31,3.33,1.67,2.09,-0.27,-0.63,-0.61,-0.49,-0.61,-0.32,-0.75,0.89,0.83,0.72,1.67,2.09,1.61,1.05,0.89,0.86,0.6,0.77,-0.75,0.89,0.83,0.72,-0.99,0.85,-0.69,-0.48,0.0,0.12,-0.67,0.29,-0.71,1.32,-0.51,0.02,0.66,-0.14,0.08,-0.88,-0.31,0.02,-0.41,-0.3,-0.33,0.57,0.71,-0.42,0.32,0.19,0.16,0.24,0.11,-0.53,-0.4,-0.63,-0.57,0.15,-0.01,-0.1,0.04,0.49,0.44,0.55,0.6,0.3,-0.07,-0.27,-0.26,0.32,0.1,-0.41,0.12,0.35,0.13,0.14,0.04,0.28,0.05,0.36,-0.06,-0.01,0.17,0.03,34.9,40.5,49.1,67.0,74.8,81.2,80.4,79.5,75.6,64.0,47.9,45.4,12.2,21.3,25.0,39.2,48.6,58.8,58.7,58.8,53.9,43.9,27.8,30.4,23.5,30.9,37.1,53.1,61.7,70.0,69.6,69.1,64.8,53.9,37.8,37.9,-1.4,1.77,-0.8,-1.16,-0.15,0.19,-0.51,0.68,-1.39,2.67,0.1,-0.08,2,3,4,5,3,2,2,1,1,3,3,2
46,2015,2.41,2.74,5.36,6.34,2.36,6.43,6.46,2.71,4.05,2.76,2.28,4.72,0.25,0.11,0.77,1.77,0.59,1.32,2.0,-0.54,-0.25,-0.29,-0.75,-0.36,0.25,0.11,0.77,1.77,0.59,1.32,2.0,1.25,1.36,1.15,-0.75,-0.36,-0.84,-0.27,0.99,1.84,-1.31,1.49,1.36,-1.18,0.63,-0.07,-0.54,0.98,-0.57,-0.88,0.53,2.05,0.41,0.02,2.07,0.1,-0.25,0.31,-0.43,0.31,-0.19,-0.42,0.25,0.41,0.04,0.68,1.43,1.2,0.96,0.19,0.55,0.32,-0.43,-0.7,-0.25,0.36,0.0,0.34,0.81,0.5,0.86,0.45,0.43,0.69,-0.26,-0.15,0.13,0.57,0.38,0.45,0.51,0.19,0.42,0.48,0.28,0.17,37.3,33.6,51.4,65.7,78.3,80.7,82.0,81.4,78.0,65.2,59.7,55.9,20.3,12.2,28.6,40.5,51.1,60.2,62.2,58.5,56.1,42.8,37.0,36.7,28.8,22.9,40.0,53.1,64.7,70.5,72.1,69.9,67.1,54.0,48.3,46.3,-1.18,-0.35,2.0,3.24,-2.98,2.37,2.44,-1.63,0.72,-0.21,-1.45,0.92,2,2,4,3,3,2,2,2,2,2,4,2
47,2014,1.13,1.27,1.1,5.04,3.8,6.71,2.51,5.2,3.86,3.07,2.03,1.36,1.37,1.45,0.96,2.44,2.34,3.2,2.53,2.9,2.78,3.09,3.17,3.05,1.37,1.45,0.96,2.44,2.34,3.2,2.53,2.9,2.78,3.09,3.17,3.05,0.17,0.47,-0.9,1.97,0.23,1.57,-1.09,1.02,0.21,0.51,0.22,0.16,0.31,0.32,-0.5,1.24,1.41,1.39,0.67,0.15,0.77,0.39,0.48,0.18,-0.23,0.19,0.53,1.13,1.0,1.62,1.13,1.46,1.43,0.96,0.97,0.34,0.95,0.87,0.68,0.76,0.42,0.54,0.55,1.12,1.44,1.35,1.28,1.26,0.26,0.26,0.14,0.47,0.34,0.87,0.77,1.24,1.63,1.63,1.7,1.54,16.2,18.4,32.3,50.2,66.7,77.0,76.6,77.6,69.4,55.6,32.8,30.0,-4.2,-3.8,10.6,29.2,43.8,55.7,55.1,56.6,47.1,36.5,17.8,18.2,6.0,7.3,21.4,39.7,55.3,66.4,65.9,67.1,58.2,46.0,25.3,24.1,0.33,0.66,-1.03,4.73,0.45,3.32,-1.02,1.91,0.53,1.8,1.18,0.62,1,1,2,4,4,3,3,2,2,2,2,1
47,2015,0.53,0.42,0.73,2.94,4.65,4.44,3.38,4.0,4.39,2.7,3.42,4.28,2.45,1.84,1.08,1.0,1.4,1.45,1.28,1.29,1.23,1.32,1.93,3.8,2.45,1.84,1.08,1.0,1.4,1.45,1.28,1.29,1.23,1.32,1.93,3.8,-1.19,-1.25,-1.47,0.31,0.85,0.21,-0.21,0.22,0.52,0.22,1.37,3.09,-0.64,-1.74,-1.82,-0.69,0.76,0.66,-0.07,-0.02,0.5,0.46,1.09,2.72,0.53,-0.07,-0.81,-0.99,-0.47,-0.3,-0.23,0.02,0.58,0.56,0.68,1.34,1.07,0.88,0.79,0.34,0.56,0.07,0.25,-0.06,0.12,0.01,0.3,0.97,1.36,1.2,1.0,0.68,0.59,0.33,0.48,0.7,1.07,0.99,1.12,1.44,22.9,18.0,42.3,57.3,68.3,75.0,79.7,76.3,75.2,59.0,48.2,37.1,7.6,-2.7,19.2,32.6,44.8,52.6,57.1,55.9,54.1,37.9,30.5,26.4,15.3,7.6,30.7,45.0,56.6,63.8,68.4,66.1,64.7,48.4,39.4,31.8,-0.86,-1.07,-1.72,0.12,1.49,0.6,-0.06,0.42,0.21,0.65,2.25,6.2,1,1,4,5,4,3,3,3,2,3,2,1
48,2014,0.94,1.7,1.76,1.38,1.76,1.77,1.18,2.33,1.95,0.57,1.41,1.35,1.79,2.5,3.2,2.88,2.3,2.15,1.98,3.01,3.37,-0.71,0.38,0.74,-2.08,-0.98,3.2,2.88,2.3,2.15,1.98,3.01,3.37,2.32,2.46,2.61,-0.15,1.77,1.09,-0.47,-0.4,0.13,0.05,2.1,1.09,-1.16,0.9,0.88,0.13,1.07,1.69,0.24,-0.71,-0.33,0.01,1.5,1.94,0.18,-0.36,1.09,1.7,2.26,1.78,0.35,0.24,0.09,0.13,0.41,0.56,0.47,1.03,1.36,0.28,0.68,1.14,0.97,0.8,1.29,1.26,1.97,1.33,0.49,0.88,0.97,-1.26,-1.11,-0.78,-0.75,-0.68,-0.38,-0.39,0.17,0.67,0.53,0.73,0.8,34.2,30.6,44.2,52.5,63.1,70.7,81.9,76.2,70.3,61.0,39.0,34.7,12.3,9.3,20.5,26.8,37.1,42.1,50.9,48.9,41.4,32.8,15.8,14.9,23.3,20.0,32.3,39.6,50.1,56.4,66.4,62.5,55.8,46.9,27.4,24.8,0.11,2.67,2.88,0.02,-0.84,0.25,0.17,3.7,2.01,-2.12,1.15,1.19,1,2,2,3,3,3,4,3,3,3,2,1
48,2015,0.62,0.94,0.58,1.7,4.59,1.89,1.53,0.91,0.64,1.11,1.09,1.11,-0.23,-0.11,-1.15,-1.57,1.75,1.5,1.79,0.04,-0.69,-1.03,-0.92,-0.8,2.11,1.99,0.73,-1.57,1.75,1.5,1.79,1.64,0.78,-1.03,-0.92,-0.8,-1.08,0.05,-1.87,0.07,2.06,0.28,0.72,-0.14,-0.86,-0.1,0.22,0.33,-0.07,-0.81,-1.72,-0.97,1.82,1.8,0.46,0.3,-0.81,-0.72,-0.02,0.3,1.23,0.34,-0.96,-0.39,1.01,0.7,1.17,1.03,1.02,1.03,-0.16,-0.24,0.84,0.5,0.01,0.14,1.49,1.54,1.79,0.95,0.32,0.59,0.47,0.34,0.76,0.78,0.76,0.73,1.42,1.98,2.35,2.44,1.21,0.74,0.91,0.92,36.4,39.8,51.3,54.6,57.7,77.4,78.4,80.0,75.4,61.5,40.5,31.6,14.9,17.0,24.0,28.1,36.3,48.5,49.4,48.6,43.5,35.9,17.8,11.1,25.6,28.4,37.7,41.3,47.0,63.0,63.9,64.3,59.4,48.7,29.2,21.4,-0.68,0.29,-3.16,-1.61,5.24,-0.22,1.34,0.11,-2.07,-1.24,0.01,0.08,1,2,3,3,2,2,3,4,3,3,2,2
